UA,anom_lst_mean,anom_ndvi_mean,anom_prec_mean,anom_rad_mean,anom_umid_mean
1,1.0581668027027717,0.006960455486541783,0.5408783000000001,0.429336965125124,-1.1114824843792377
4,1.0918801519738892,0.0015550724637686253,0.2926019999999996,0.4526351848841603,-1.0417473910916186
10,0.9595800906318743,0.015726086956521668,0.04450140000000058,0.47354149773388343,-0.9613698319445518
15,0.9750759334934003,0.0011799171842646894,-0.17158100000000065,0.4847866486867396,-1.1366093693364974
21,0.684220877226597,0.007118840579710239,-0.16288500000000017,0.5032776844425442,-1.2645934066841136
23,0.8820484985896435,0.004951552795031122,-0.2736889999999992,0.48390177436900217,-0.9080971914895741
28,0.7251942683285826,0.012695238095238204,-0.1341467000000005,0.526124431264444,-1.3707988721854463
30,0.771195281174375,0.005276190476190656,-0.28936399999999995,0.5050910210708093,-1.149089295833818
37,0.7888484882544375,0.01793105590062094,-0.36646849999999986,0.5362717963532795,-1.3696257409326478
39,0.8151254734379876,0.013102691511387543,-0.3542170000000002,0.5026929849977684,-1.3209470202643416
40,0.8444493153588866,0.010496273291925262,-0.4565520000000003,0.4876516742468251,-1.4718812086477726
41,1.276200500944384,-0.012821325051760035,-0.5231980000000007,0.4779376573196661,-1.6787270522593474
47,0.8778130300065001,0.005852173913043712,-0.29553079999999987,0.5228745321390651,-1.4841724068928244
49,1.0650248334627577,-0.0010861283643895936,-0.49331380000000014,0.493480734966683,-1.7861502961192173
50,1.0709116133131005,0.0007383022774327674,-0.4998760999999998,0.46047092398852385,-1.839121000458178
51,0.9313337517107385,0.006527536231884512,-0.4998760999999998,0.46047092398852385,-1.839121000458178
58,0.8052128132058485,0.008626915113871925,-0.3622961,0.5180803138742185,-1.7420489662716676
59,0.7660924491094185,0.008029606625258645,-0.4028337000000004,0.5001856318925437,-1.8960911228283521
69,0.9260543897311813,0.02565921325051801,0.08369439999999972,0.5379631675346825,-1.4556642528023787
70,1.1740527926594275,0.0070428571428574616,-0.043537999999999855,0.5433372235340279,-1.446658749193233
74,1.0692852932508217,0.018881159420289673,-0.38203560000000003,0.5180803138742185,-1.7420489662716676
77,1.0709780663261093,0.01163954451345739,-0.4433750000000005,0.47942091458383373,-2.097026568550916
81,0.7973013649425056,0.01536583850931672,-0.35861000000000054,0.40743254714968025,-1.5181615458031956
85,0.3765081967212751,0.062327950310559044,0.4836830000000001,0.4990924661219758,-1.200926508963704
87,0.7364863318108341,0.022736645962732838,0.3201697000000001,0.507106865060825,-1.265690268950678
89,1.0452501473882734,0.015436853002070317,0.29692900000000044,0.512328580240796,-1.265954282798205
95,1.0696455870720243,0.04251966873706037,-0.21726230000000069,0.5097915878833081,-1.6644215864378253
97,1.0252539527943654,0.012417391304347603,-0.23663800000000013,0.47219229820331243,-2.020776533772505
98,1.0497841806528783,0.009268530020704158,-0.27234669999999994,0.47219229820331243,-2.020776533772505
104,0.6504591002137694,0.02171552795031062,0.7524815,0.4844514559519322,-1.2454629703567548
113,0.8320912478680391,0.022449068322981325,0.09715359999999951,0.5001867840288448,-1.2554484600982931
114,0.8449543939032971,0.019843685300206637,0.049475600000000064,0.5125641043881064,-1.2281914817927628
117,0.611914458391464,0.04764658385093179,-0.07723239999999976,0.4997392869935986,-1.4958865571873048
118,0.7557920423430708,0.023030848861283593,-0.09505559999999935,0.4871057852121723,-1.5861046017288913
119,0.8521117124364359,0.013522567287784781,-0.12434040000000035,0.46871179094887516,-1.8629403761066072
122,0.9502601491300702,0.006600621118012184,-0.2214077999999997,0.43520136499219575,-2.5175292366181594
123,1.055043640897761,0.01375693581780546,-0.23188350000000035,0.42586580586943334,-2.2644921670279246
134,1.337867221620808,0.028453623188406274,0.1316790999999995,0.47004959116321565,-1.1077363090142711
137,0.7354088646169572,0.02707556935817812,0.06521370000000015,0.4788150317875264,-1.0849830271662455
139,0.9121479865215392,0.024336231884057535,-0.05961850000000002,0.4944100707460457,-1.0797377773496066
140,0.8101089152393293,0.01693312629399557,-0.07178169999999984,0.4903739957123161,-1.191281904801997
141,0.9385284031731302,0.03126997929606645,-0.15796279999999996,0.48546627311494817,-1.3309016620538898
142,0.8390996955482422,0.023674741200828353,-0.15000700000000045,0.47872550142330006,-1.4446840448866567
143,0.9660950782669993,0.023653830227743144,-0.23590669999999925,0.4643909627433853,-1.7075699166905025
146,1.0213465549727339,0.010007660455487066,-0.4046140000000005,0.4357729978903677,-2.3389689365482695
147,1.0238505983880763,0.009218633540372556,-0.3073864999999998,0.42168059346776054,-2.188300172020476
148,0.5945791527313276,0.012072049689441533,-0.4486990000000004,0.419560191967145,-1.726116754955342
165,0.9063749219433141,0.01384658385093207,-0.11720730000000046,0.4652084175443729,-1.0460158792362506
166,0.8002237717280991,0.040577432712215034,-0.10981440000000031,0.46334693060199683,-1.1663014797512261
167,0.8641131741821653,0.03560082815734911,-0.19556709999999988,0.4652052428278388,-1.2923552237860747
170,0.627531388079209,0.03251739130434794,-0.47904269999999993,0.4383100238770048,-1.947205784246819
172,0.5268753100015147,0.025044099378882412,-0.4439663999999999,0.4279629014575903,-1.8429285910356157
173,0.6894652738565412,0.01638240165631455,-0.5742614000000001,0.4224569451902731,-1.5701777254526803
174,0.7513616653879396,0.018181573498964987,-0.5485837,0.41460150902932114,-1.0500423729001795
175,0.7405125523012259,0.01829523809523803,-0.5677394000000007,0.40340852983023545,-0.5384334361826291
177,1.3227927927927503,0.02725734989648021,0.5575970000000003,0.45248563871829717,-1.1787450515209486
188,0.9343698858853884,0.004042028985507651,-0.05788299999999946,0.4274545957229936,-0.7224201054618646
191,1.2280453625274639,0.01876790890269142,-0.2908950000000008,0.4414449748385021,-1.0129862904250047
192,1.1325071486927953,0.02388012422360286,-0.3459759,0.44730456121486917,-1.118404012462591
193,1.035407133692562,0.020932091097308203,-0.38722860000000026,0.4478520020664014,-1.2884567411010153
194,0.8668628058916354,0.027670186335403857,-0.4412598000000001,0.4478520020664014,-1.2884567411010153
196,0.616637012538451,0.024893995859213147,-0.526573,0.44128492495532257,-1.5601651260821399
197,0.5910233552824842,0.03259979296066262,-0.5462599999999993,0.43732580992327286,-1.451383492170038
198,0.774333449680018,0.028970393374741166,-0.6164717,0.4333920208050319,-1.1935287563386794
199,0.7823587695948113,0.015251759834368439,-0.5768329999999997,0.43060770156901285,-0.8908417786201852
206,1.2041452934662082,0.008851345755693685,0.4442972999999997,0.4171355611848888,-1.047650376378769
208,0.6234408866995444,0.03545051759834372,0.34163370000000004,0.3988507704373241,-0.9216723773238016
211,1.199432041741531,0.02239627329192595,0.015221499999999999,0.38802202319955725,-0.7090348104691344
214,1.0294902183998502,0.02360973084886131,-0.11242190000000019,0.40388577586321084,-0.6462019303439064
217,1.0797881688232849,0.021408074534161048,-0.28544190000000036,0.4167996923594295,-0.8011056546393718
218,0.8957827490124224,0.020151138716355987,-0.2445283000000007,0.42277271206706324,-0.9183963508774724
221,0.8278606218178481,0.030749689440993877,-0.43309199999999937,0.43204601967525846,-1.0198202725034378
225,0.7054335291706337,0.026160662525879452,-0.6369047999999999,0.44094723235128974,-0.9658591378897654
242,1.0898554561717297,0.006544927536231815,-0.14396900000000024,0.3719197067033502,-0.6083780661444393
246,1.0306581190813375,0.01122774327122189,-0.34745459999999984,0.39087929767382157,-0.7849413773347607
249,0.854206185567012,0.02412443064182168,-0.34998660000000026,0.41376382252000354,-0.8765512330889891
251,0.4118097346762113,0.025462525879916598,-0.48428870000000046,0.43009892102370095,-0.9043573543216183
253,0.9249249851315433,0.010504347826086557,-0.6282863000000001,0.43912579443891886,-0.9572360229834942
254,0.7218516519757543,0.014722774327122212,-0.6478060000000001,0.4484335065147178,-0.6557844781520998
255,0.5976430527955152,0.015060869565217794,-0.6478060000000001,0.4484335065147178,-0.6557844781520998
256,0.667625221214319,0.024434161490683337,-0.6767475000000003,0.4361876407934364,-0.4998334241568614
260,0.6174846326976002,0.028879917184264525,0.42761470000000035,0.4159132420303795,-1.042460443317097
261,0.8219645030494043,0.02562008281573469,0.4792246000000002,0.4255805870558209,-1.0014408014978784
279,1.1159591194968321,0.00011014492753647076,-0.18799599999999916,0.39010748421531183,-0.7846663316355773
281,0.861908866112369,0.01266811594202899,-0.3102729999999996,0.4046165375713464,-0.7465136302990345
284,0.6541327199362428,0.00876749482401673,-0.7421350000000002,0.4364280543527119,-0.7131166233559014
285,0.7237986340389568,0.0005610766045549553,-0.7826833000000004,0.44100012147384504,-0.7329809706075707
286,0.7765574460805773,0.022515734989647873,-0.7922789999999997,0.4348793050161781,-0.6019970270422306
287,0.7808903082078018,0.013395859213249595,-0.9567223,0.4310861647392308,-0.4998086333529699
297,0.7200419048336073,0.024116770186335623,0.34709460000000014,0.38336375106202425,-0.8699325389126074
301,1.1539308112846882,0.02122629399585907,0.13346000000000036,0.3491250618473192,-0.7249538474520847
304,0.5722174999774587,0.01559047619047571,-0.35940500000000064,0.3469780391298585,-0.6504212674301044
308,0.8305505258592767,0.010537060041407531,-0.20012700000000017,0.37410324508522663,-0.707933152830563
309,0.11846219761554622,0.03485693581780547,-0.1735981999999998,0.38083833941283984,-0.7987544417373726
310,1.1609587921499376,0.005062318840580282,-0.1189979999999995,0.3923330422747604,-0.7403922955142974
311,0.9940171471363044,-0.003703312629399713,-0.23537300000000005,0.40731442790087335,-0.6560204461476644
312,0.5536911778088474,0.023179917184265597,-0.2679407000000005,0.40731442790087335,-0.6560204461476644
313,0.630841410259741,0.00541304347826066,-0.37761960000000006,0.4178787459791842,-0.5940838776108421
314,0.5026296385690223,0.01452111801242184,-0.5231967000000006,0.4239543527191696,-0.5782399548594981
316,0.6811827194836191,0.012106004140787108,-0.7247783999999999,0.43423081795591756,-0.6780201120333089
317,0.6672372523980741,0.004066873706003893,-0.7930183,0.4309269934656541,-0.7409748885709462
318,1.1850362923637263,-0.04820393374741161,-0.8977696000000002,0.43026324459435195,-0.6336464830098834
321,0.26557260161889573,0.023684265010352257,-0.04150450000000028,0.3526495661284095,-1.0890470063340274
328,0.6226462629808331,0.006761904761904747,0.44403600000000054,0.4196419289620241,-0.9660514752151954
336,1.2194973280789512,-0.003001035196687485,0.07927799999999952,0.34342051863979073,-0.6884543816698994
337,0.6753588588588535,0.035530227743271525,0.05579439999999991,0.34342051863979073,-0.6884543816698994
340,0.6429694534287123,0.009759627329192333,-0.1656051000000005,0.3622650948569266,-0.560988401300591
341,1.1549737357676548,-0.0018060041407866878,-0.1971097000000004,0.368844428361772,-0.6109385738623416
344,0.8847987913903204,-0.005512629399586189,-0.04672199999999993,0.3923330422747604,-0.7403922955142974
345,1.3352790762902167,-0.0012743271221534735,-0.2621330999999998,0.40731442790087335,-0.6560204461476644
346,0.7627611457516252,0.010773498964803285,-0.2621330999999998,0.40731442790087335,-0.6560204461476644
347,0.8655224621867923,0.004126501035196628,-0.30260640000000016,0.4178787459791842,-0.5940838776108421
348,0.8198655596824374,0.019420289855072603,-0.4830427000000004,0.4239543527191696,-0.5782399548594981
349,0.6344701027768416,0.00943188405797113,-0.5084819999999999,0.43078197133344354,-0.5806747268635064
350,0.7125807183184278,0.01934927536231912,-0.6680770000000003,0.43423081795591756,-0.6780201120333089
351,0.9010194552529072,0.0006853002070396075,-0.7469248999999998,0.4309269934656541,-0.7409748885709462
352,0.7651169811320493,0.006141200828157167,-0.8664883999999997,0.43026324459435195,-0.6336464830098834
365,0.5824412837823054,0.02292049689440967,0.33320229999999995,0.4224036986406645,-1.0533969744887202
367,0.24797216451086967,0.034922153209110074,0.3571863000000004,0.4095557582500913,-0.9608556312144287
369,0.6861572042296977,0.02852443064182142,0.3716552000000002,0.38004532858044016,-0.9012537633135338
377,0.9184260845193037,0.007584886128364499,-0.16532569999999946,0.35933574041178673,-0.6430561577457041
378,0.6406780826011698,0.01727950310559001,-0.0506530000000005,0.3634728513964678,-0.6139871477627565
383,0.8078310536032909,-0.014822360248446853,-0.18136300000000016,0.41067854098419865,-0.5808540887752116
384,0.9934896339113521,0.0030457556935815644,-0.2462093000000003,0.41067854098419865,-0.5808540887752116
385,0.7686045065221343,0.009488405797101529,-0.25294599999999967,0.42045403834526773,-0.5486811644499738
386,0.8366548752534548,0.021911594202898232,-0.40174429999999983,0.4243688640339691,-0.5091889173761217
387,0.6743942168942141,0.027306625258799566,-0.5060297,0.4323336935771227,-0.5853016126119996
388,0.7791163160936527,0.008681159420289353,-0.5734667999999994,0.4337841244279481,-0.7046232263667918
390,0.7000212922264275,-0.009627743271221512,-0.7891680000000001,0.4129916168776475,-0.7863343413703916
391,0.4227547013218782,0.0021335403726709945,-0.9591260000000004,0.40295686181297974,-0.6253417853584011
395,0.24375687397000334,0.014210559006210932,0.022706000000000337,0.24879903830022698,-0.8891778315102954
397,0.38908811530976806,0.025779089026914948,-0.1278410000000001,0.2843911113295494,-1.0487867049302508
398,0.1531597005181382,0.0339225672877842,-0.1508434999999997,0.30297040778805595,-1.1033603854745735
403,0.5952840030293807,0.028599171842650484,0.12599699999999991,0.4024576358734908,-1.0941973764875428
405,0.7474613095237963,0.026879710144927516,0.2961891999999997,0.4216112241835823,-1.1400508991961402
409,0.7284078864986405,0.016331469979296354,0.32321879999999936,0.38402421310463275,-0.9466831651113239
413,0.7479487062082342,0.02467619047619085,0.2764033999999995,0.3520769959116734,-0.8119678522184017
415,1.3281875230712359,0.007433954451346203,0.16057129999999997,0.35404150502477094,-0.7367627811264867
419,0.8833964516664032,0.00031552795031075664,0.007472000000000811,0.3763169548993517,-0.7808675116102393
421,0.8486666220844867,0.01585507246376794,-0.04149280000000033,0.3982140375756362,-0.8039865212481345
422,0.7629915453645602,-0.005586956521738684,-0.046583400000000275,0.40885359753877637,-0.7068785694771975
423,0.9676305021548472,-0.019770807453416417,-0.04480229999999974,0.4210921079017318,-0.5746706215093695
424,0.9086693856428063,-0.01194037267080783,-0.17420800000000014,0.4210921079017318,-0.5746706215093695
425,0.7194918840949676,0.0063250517598342215,-0.22098969999999962,0.43003229763310635,-0.470280857960347
426,0.6327091648566245,0.013508488612836267,-0.28945240000000005,0.43003229763310635,-0.470280857960347
427,0.5841224604073112,0.013736024844720252,-0.36783830000000073,0.43301008592816004,-0.5278762570119682
428,0.8429726090654839,0.00014989648033081338,-0.40071350000000017,0.42000776462132094,-0.7731642704526109
429,0.6663901418274314,0.0046939958592132625,-0.40071350000000017,0.42000776462132094,-0.7731642704526109
430,0.7014023048792808,0.0052184265010351005,-0.5217757000000001,0.40478650403865757,-0.874189707479573
435,-0.10725065540990641,0.016969151138716665,0.19921729999999993,0.22527355738827382,-0.8683445167752524
438,0.11449127349439792,0.017981780538301795,0.057458899999999424,0.255765331191542,-1.0768811961733604
442,0.5133070905376727,0.028919047619047178,-0.06607680000000027,0.34503565205454123,-1.14397948383521
450,0.6198978191761704,0.033872877846790606,0.3807912999999994,0.4026161841724587,-1.0377096765307385
453,1.3079861950420693,-0.015618840579709747,0.3744299999999994,0.3702069166418305,-0.9699700644038955
455,0.3260652121649308,0.031210144927536487,0.22662859999999974,0.3659072931569156,-0.856861644634435
456,0.8387536180021549,0.009477225672878009,0.07908239999999989,0.3642151749820908,-0.7925099616599596
457,0.8474812684477833,0.01835714285714285,0.07258399999999998,0.3642151749820908,-0.7925099616599596
460,0.9010206353776482,0.018193788819875323,-0.07764009999999999,0.38444040661328316,-0.9321439304835906
464,0.7381627356909384,0.00043084886128397226,-0.056239099999999986,0.4255326840030591,-0.7258726959869364
465,0.6882527127612192,-0.015041614906832201,-0.06941980000000036,0.4297538364072597,-0.5354027622444875
466,0.7385759340685034,0.0028830227743265047,-0.10336300000000076,0.4297538364072597,-0.5354027622444875
467,1.0784180098557599,0.008148861283644115,-0.11219399999999968,0.436159308424779,-0.4612898989676495
468,0.8075609812839417,0.0107973084886126,-0.19276439999999972,0.43881621898710144,-0.5585822889502197
470,0.802227471840542,-0.012037888198757729,-0.36187919999999973,0.4189134153963039,-0.6175668187094345
483,0.7763773054733818,0.0211550724637678,0.7364639999999998,0.4683926886185752,-1.2315638113834098
487,0.12534830309240164,0.007859627329192875,0.18176140000000007,0.2136298480115073,-0.9813557033140654
491,0.2435238697524511,0.029159420289854854,-0.048202999999999996,0.2654103825281524,-1.1963412503325657
494,0.5021853281853268,0.022955693581780623,-0.12146100000000004,0.3410523796362348,-1.1531206548423398
495,0.23535297896640728,0.022483643892338923,-0.14198500000000003,0.36970975537528794,-1.104618589109137
507,0.836895615971951,0.019660869565217842,0.14573130000000045,0.37608141463954325,-0.8891186514526908
508,0.7571972164643341,0.004472256728778712,0.056604399999999444,0.37316351844687645,-0.8294824824701408
513,0.6603117980862585,0.015575983436852847,-0.014431000000000083,0.41610842988167995,-1.001987927232733
516,0.7360214382782644,-0.004566459627329045,-0.07955929999999967,0.4437225208521731,-0.7002983390609074
517,0.8910407102162914,-0.003361697722567447,-0.1719444000000001,0.44704584617639753,-0.5542073046508165
518,0.7377258620689453,0.013840993788819755,-0.2575402000000002,0.44704584617639753,-0.5542073046508165
519,0.7608647990985808,0.016707867494824002,-0.17410710000000051,0.4485849837308127,-0.43448918974760886
520,0.865570509524904,0.004928778467908956,-0.18577449999999995,0.43902735776988244,-0.5368554270056052
522,0.955053596020317,0.009043685300207271,-0.31439470000000025,0.4131313923915556,-0.6789366483673689
523,0.646105687911124,0.014302898550724641,-0.34432129999999983,0.4000198409520568,-0.8113159208461553
529,0.7165929405829559,0.01569213250517565,0.7843940000000007,0.4728843181982434,-1.2137609880701064
537,-0.283688431723359,0.027334368530020137,0.5435699999999999,0.15320982958584928,-0.7293835638873531
551,0.4802716342072557,0.02498861283643894,-0.03939039999999938,0.2874636661005354,-1.2381150550812379
555,0.6957441120480397,0.025329813664595746,0.04936770000000035,0.39847619153626823,-1.0950579213315592
561,0.48017335834897423,0.02662360248447171,0.4129073999999999,0.42286960192058665,-1.1992585426888382
562,0.7535205110247816,0.016241407867494728,0.37823729999999944,0.41188038452612474,-1.1051189926995733
565,1.081582421524704,-0.016069151138716764,0.29575689999999977,0.3949031536109828,-0.9518579684483655
566,0.6574380020957058,0.01226604554865418,0.12185999999999986,0.3889402934913342,-0.8965417072197965
568,0.7050097596054918,0.01574575569358172,-0.19942629999999983,0.3857747179923976,-0.8880253701549208
570,0.37785827582655784,0.02626997929606667,-0.1251023999999994,0.4061343782513198,-1.10747205029341
571,0.7727949963208154,0.02289896480331255,-0.057034900000000555,0.42024612402919637,-1.2081853882129394
573,0.6626092029080297,0.021383229813664473,-0.01663329999999963,0.4526300866205535,-1.118880758684071
575,0.66185221477852,0.013093581780538655,-0.048818000000000694,0.4649583609383363,-0.7837656339193302
576,0.6633830873338624,-0.002973084886127575,-0.10668279999999974,0.46063074099709134,-0.5701694991119837
577,0.7167549547797627,0.013289233954450919,-0.15318539999999992,0.46063074099709134,-0.5701694991119837
578,0.8664234422822048,0.023721325051759612,-0.17818559999999994,0.455764312232132,-0.43602672314109725
579,0.8329378329063246,0.005978260869564989,-0.1689020000000001,0.44270126626988393,-0.4745040780407095
582,0.9040531452855731,0.007539751552795182,-0.25175700000000045,0.3967598357191555,-0.7882362367593743
597,0.1701395977729021,0.011223395445134177,0.5745309999999995,0.16300198314558934,-0.9985876048097992
602,0.4114026263716539,0.01573457556935831,0.43374489999999977,0.20074156121276765,-1.0867551876822716
605,0.5504839353631787,0.017614492753623368,0.13759760000000032,0.240374056022711,-1.311518492708231
615,0.6222256027343533,0.016935817805383557,0.15044019999999936,0.46392974400263753,-1.1670533595778636
619,0.691157926073803,0.023058799171842725,0.4726889999999999,0.4524892069648594,-1.1680439202184942
623,0.7646640316205762,0.017140993788819725,0.2704994000000003,0.4202421452738694,-0.9535104248305828
624,0.6737278911564566,0.007351345755693517,0.047054300000000104,0.4137598170405745,-0.8907601910682956
625,0.7695195160922204,-0.002266666666666861,-0.15817499999999995,0.4100762049197417,-0.9007085293354749
631,0.8701157278932037,0.01633146997929613,0.07824730000000013,0.46798148202012513,-1.0563151781384903
633,0.7091808640303441,0.016758178053829953,0.0028449999999997644,0.47470402813022794,-0.7994029797811493
634,0.6345347201525904,0.010500207039337517,-0.02939700000000034,0.46443896970632537,-0.6140597706883995
635,0.573689670329653,0.0007217391304343845,-0.16177200000000003,0.46443896970632537,-0.6140597706883995
636,0.680214520008743,0.011951345755693676,-0.2064161000000002,0.45761730885354623,-0.41805671033118585
637,0.5558012926388969,0.011456521739130143,-0.2680964000000001,0.445780089716207,-0.507869809123406
638,0.7237074197943691,0.016274327122153376,-0.2023079999999995,0.4301928898276426,-0.6384701949776002
639,1.0375257295533835,-0.020834368530021186,-0.22606669999999962,0.4079399327156974,-0.7573016397895884
640,0.7322660517596375,0.01987163561076588,-0.21880529999999965,0.39460939721722,-0.6899738923448808
641,0.6633846657929041,0.0003668737060045224,-0.19972060000000003,0.3951497955579093,-0.6873557021246057
642,0.8045264607515499,-0.0011053830227738537,-0.1435202999999996,0.4189112516322524,-0.6867465878166854
660,0.20101003939501538,0.02133436853002102,0.46414119999999937,0.22768492915068528,-1.2551423634737517
668,0.5068257040752222,0.021321739130434558,-0.03569310000000048,0.3881599441055439,-1.1834677076139002
669,0.5364152194086707,0.023850724637681564,-0.01667740000000073,0.4196397798720479,-1.183354895765035
672,0.8930274865684709,0.0063312629399583376,0.20539530000000017,0.4923753539775433,-1.1655741310546262
673,0.6982519530450979,0.00652318840579702,0.2964885000000006,0.4923753539775433,-1.1655741310546262
677,1.3354100862588396,-0.019623809523809377,0.6657675000000003,0.45940381238220773,-1.1804410048519713
681,0.9521298727874168,0.034519254658385345,-0.2845266999999998,0.44000827230884454,-0.9554504854927899
682,0.7193253082687185,0.012404554865424355,-0.20787699999999987,0.4326108434066267,-0.9678793844607014
685,0.9069898979269873,0.008680124223602426,-0.03165930000000028,0.4552504576755183,-1.2518561574554212
686,0.8373883072007686,0.015415527950309982,-0.02224399999999971,0.4632359080903523,-1.4511965542111085
687,0.7007605905665564,0.008817184265010547,-0.05281560000000063,0.4771956048853987,-1.279856762374152
688,0.7909027888612279,0.030133126293995893,-0.08087269999999958,0.4936135208521879,-1.0248543518628566
689,0.8876926897236643,0.031192339544513503,-0.10682349999999996,0.500286812680141,-0.7386797836568775
690,0.7473624480095147,0.0001977225672878946,-0.2630903999999994,0.4817886363279822,-0.6667691466091981
712,0.17032370730040114,0.019570600414078765,0.43268400000000007,0.19002148252170414,-1.4551884605371725
714,0.44014563191358747,0.022946997929606527,0.3420209999999999,0.21120658560233885,-1.3666123889286723
717,0.21689955734295552,0.03117453416149052,0.21746929999999942,0.26484689088455227,-1.3150266205969103
718,0.46753899008940536,0.019228157349897024,-0.0016780000000000683,0.26484689088455227,-1.3150266205969103
723,0.46918261720531973,0.02821014492753593,0.0007929000000004294,0.37822958877724844,-1.2735583655419163
725,0.7731109721203353,0.016691511387163738,0.02661900000000017,0.4501272373848675,-1.2178403944695901
727,0.5094977168949733,0.028752795031055878,0.7123360000000005,0.45940381238220773,-1.1804410048519713
728,1.1104432300677445,0.01908260869565226,0.29211169999999953,0.51923373657241,-1.1932517447815911
732,0.1586594438425415,0.03455113871635551,0.6281876999999998,0.5056596966062425,-1.2110383765220263
736,1.1193064978139446,-0.00373623188405825,-0.16704149999999984,0.4816619388704666,-1.0381830550550717
737,0.9943367768595017,0.010374327122153026,-0.22945320000000002,0.48041627443976864,-1.027730331232945
739,0.8575156252435221,0.012001656314699516,-0.15763699999999936,0.4686004758803328,-1.0452360831238536
742,0.5544868421052733,0.02840621118012432,0.07518769999999986,0.489611707715218,-1.469778484240564
743,0.5163367720619689,0.020335817805382295,-0.08266129999999983,0.5017616787186849,-1.282373996890584
745,0.7341389811738992,0.04149089026915109,-0.10253400000000035,0.5053026299652696,-0.7373182318667233
747,0.6339738504097099,0.01274140786749467,-0.2599999999999998,0.4764801000426555,-0.5416965072437989
748,0.7377275320156116,-0.004100828157349579,-0.21424909999999997,0.4764801000426555,-0.5416965072437989
750,0.6141777286135337,0.010210973084886055,-0.31650940000000016,0.4469510758331907,-0.5477760291974363
752,0.9297731551637121,0.021186542443064282,-0.1118042999999993,0.4228873183910977,-0.784783261072505
753,0.5753614649279868,0.038803519668737074,-0.023985500000000215,0.40803863460012124,-0.7032035691718619
784,1.3533998902333764,-0.028422567287785028,0.2997557999999998,0.5342939398115707,-1.2113567904243325
789,0.46482600572922905,0.020800621118012175,0.5383545999999999,0.542084330987862,-1.2248827607855333
793,0.49150529197956416,0.028434782608695586,-0.12275029999999987,0.518040204375195,-1.0541937527778202
794,0.6392398980868705,0.05213022774327114,-0.19363499999999956,0.5086716013096471,-1.040198080372079
795,0.8412981285473258,0.029321118012422653,-0.20149859999999986,0.49685741685190976,-1.0513905312662217
796,0.8318806744487546,0.02319710144927556,-0.08821589999999979,0.49685741685190976,-1.0513905312662217
797,0.9947543233374638,0.02442091097308441,-0.1172076999999998,0.5022813063860525,-1.2047291106936768
798,0.7901488315765164,0.027242236024844435,0.0024417999999997164,0.5155763168433438,-1.3529851078861554
801,0.6778872883970308,0.03186397515527939,-0.23272030000000044,0.518899938362436,-1.0453986707457545
802,0.5244036230256661,0.011642028985507369,-0.2580743999999999,0.5152415855422721,-0.7654886667854299
803,0.8137712934990198,0.021084886128364344,-0.3920734000000001,0.5067109192100183,-0.6690379116950567
804,0.608863620740312,0.019430641821945982,-0.4445075000000003,0.48990138738168376,-0.5827291082349149
807,0.5518723404255255,0.0022975155279499893,-0.4156766999999997,0.45530402036555273,-0.5485260306325017
811,1.008378280272435,-0.020314078674948055,-0.10357760000000038,0.4324432990608198,-0.43868427172019153
830,0.4860327891156224,0.014644306418219344,0.6079807000000006,0.44168721791521115,-1.1695047768797622
832,0.13526620376817533,0.02050848861283705,-0.4193100999999997,0.3131415862111222,-1.3600342927289546
836,0.4076752615618986,0.025072049689440767,-0.0060074999999999434,0.3798350203226839,-1.2431425094474662
837,0.35691647343621824,0.0397337474120083,0.042880099999999644,0.410397705288462,-1.258081764416204
843,0.30878289288144956,0.004719254658384742,0.48451240000000073,0.542084330987862,-1.2248827607855333
845,2.0652854102496256,-0.02748467908902652,0.33976760000000006,0.5337080552166569,-1.152101760912032
847,0.6201035076423196,0.016788198757764272,-0.0765994000000001,0.5274112782256051,-1.0803249596310707
850,1.160783255661876,0.015541407867495027,-0.1970238000000002,0.49685741685190976,-1.0513905312662217
852,0.5234730400468735,0.047480952380952735,-0.08228740000000023,0.5022813063860525,-1.2047291106936768
853,0.5835705461182386,0.029509109730849192,-0.051812600000000764,0.5155763168433438,-1.3529851078861554
856,1.741708852026278,0.021685507246376745,-0.21333730000000006,0.518899938362436,-1.0453986707457545
857,0.742381997332302,0.030391718426501235,-0.24116150000000047,0.5152415855422721,-0.7654886667854299
858,0.7852629252175269,0.03952774327122155,-0.40861900000000073,0.5067109192100183,-0.6690379116950567
860,0.6417564720317372,0.01861387163561068,-0.4507690000000002,0.48990138738168376,-0.5827291082349149
863,1.0785620683055228,-0.014455072463768315,-0.2899697999999997,0.4422948944517664,-0.6050029484050583
865,1.0345237278445047,-0.004054037267080979,0.060506399999999516,0.4237505668337249,-0.5790418268752404
884,0.4862350153991635,0.02665776397515507,-0.39181569999999954,0.2962372634658301,-1.3599452504740555
886,0.6175694704340913,0.014368530020704151,0.5607432999999995,0.44168721791521115,-1.1695047768797622
887,0.358556843210291,0.024251966873706343,0.1498065999999998,0.5714365241964217,-1.2389396388770137
894,1.472445986231488,0.023356314699792713,-0.030793300000000023,0.561550394646849,-1.1171271373779774
895,-0.20287193217311028,0.043039337474120254,-0.08306940000000029,0.5501594360000013,-1.1125479839462287
899,0.7424264241505938,0.020466873706004196,-0.09163370000000004,0.5323018736894412,-1.1995027972488543
901,0.5774676915685895,0.007634161490683078,-0.04218540000000015,0.5334240978946152,-1.2778790229420025
902,1.065711322645857,0.019964803312629065,-0.1782598000000002,0.5302515581364222,-1.1711325587746728
905,0.5854221967963333,0.038987577639751914,-0.5091843000000003,0.5173745917849164,-0.7217467578960566
906,0.8276869342778177,0.020797722567287846,-0.5784739999999999,0.5028195076080149,-0.6313761174345132
907,0.6330543363948884,0.02797515527950356,-0.8220733000000005,0.4827884785086365,-0.5703236812894232
909,0.9333499170812338,0.020366873706004096,-0.7692429999999995,0.46688022292301845,-0.549199214605963
912,0.794372700306365,0.007527329192546284,-0.07506349999999973,0.4347723224964497,-0.4581268984425009
918,0.23748723004867855,0.03018219461697691,0.1933997999999999,0.154304723707666,-1.3444155864231817
926,0.23193802321284807,0.02741283643892356,-0.06068150000000028,0.21784783781360417,-1.3699141987858354
930,0.3925426952188431,0.019444306418219703,-0.40128710000000023,0.2972132932448286,-1.3741299615056022
933,0.6637577309740585,-0.0036865424430639893,-0.08241940000000003,0.6082421654209487,-1.2682724421921563
934,-0.5959918996602802,0.03386293995859235,0.01598770000000016,0.6082421654209487,-1.2682724421921563
938,0.602456657240058,0.015729606625258463,0.10960049999999999,0.6131249571782202,-1.2743204832566164
939,0.06542562777847394,0.03159213250517623,0.0862450000000008,0.6047496920978936,-1.2215079623145897
941,0.546912494831389,0.017383643892339595,0.5236312999999999,0.4246330246466119,-1.0939459808855787
945,0.5383534819856415,0.033254451345756,-0.09536649999999991,0.5637116159836815,-1.183086772814363
946,0.5426816882685301,0.024941407867494658,0.017422700000000013,0.5584808105836103,-1.2190556544586997
949,0.6522503649861626,0.015627536231883843,-0.2813654999999997,0.542758415998696,-1.0124671564255294
951,0.45750123578843827,0.0346457556935823,-0.6210040000000001,0.5242103431129816,-0.7639569260160783
953,0.8353869614944642,0.025893581780538133,-0.872458,0.5116384063903681,-0.6690534705236217
955,0.93691774538053,-0.00271221532091126,-1.2903460999999998,0.485705034454325,-0.6134588085891153
959,0.9807886442113976,-0.028319254658385362,-0.6803254999999995,0.4544696511392132,-0.45490734187059445
974,0.27031880811023257,0.024492339544513686,-0.06927400000000006,0.6248600965419211,-1.3688952662284777
976,0.22258662023364195,0.0033107660455485854,0.09050250000000037,0.6244583969471371,-1.3569680565451279
978,0.4454151070159895,0.0057530020703937534,-0.07140700000000066,0.6365844756702934,-1.3431026480621284
979,0.4510477282631271,0.013484472049689611,-0.12795359999999967,0.6305793017105721,-1.3214286527943813
982,0.9366280451574518,0.02049958592132539,-0.24904249999999983,0.5941425989043374,-1.255024246379378
984,1.0477151848648418,0.015953002070393074,-0.1902803000000004,0.5880756986578444,-1.1910162096410062
991,1.0007879130740172,0.030092546583850743,-0.5661556000000001,0.538646215702844,-0.8589841409018817
992,0.7839559387557529,0.03377204968944103,-0.7627540000000002,0.5110445794068426,-0.715695238049662
993,0.7796321713646428,0.000629813664596246,-0.9322594999999998,0.5110445794068426,-0.715695238049662
994,0.7378790463568876,0.0071720496894410735,-1.3380302999999998,0.515125367954905,-0.7016590423999105
995,0.6669643918593451,0.0008763975155274828,-1.6062840999999999,0.5039335583079438,-0.7279334105257647
997,0.6871705069124374,0.014114078674948183,-1.3205274999999999,0.4814195180009655,-0.733691593459568
1000,0.5812383167161137,0.027471014492753687,0.45865370000000016,0.4169022320404512,-1.1459146106816576
1001,-0.007581307157156658,0.01292650103519688,0.4649150000000004,0.1258094821765443,-1.3667213318542508
1003,0.37584544085270366,-0.002507453416148775,-0.03464700000000054,0.1669653016290642,-1.2817659223294982
1010,0.49938601788184656,0.013768115942028869,0.031296199999999885,0.6519287238105775,-1.348000858500967
1013,0.5089567190226987,0.020880124223602636,-0.28263000000000016,0.6300960114131833,-1.3077662714762397
1016,0.5506831391166109,0.04071594202898532,-0.22070450000000008,0.6124257826224859,-1.2856695460180418
1019,0.6182870278400223,0.028719254658384763,-0.2960319999999994,0.5780401561684521,-1.162141797362608
1021,0.4807367684481818,0.06052070393374731,-0.36722959999999993,0.5585922378779244,-1.1329016910220417
1024,0.5808371996736099,0.027788198757763838,-1.0657823999999998,0.5400676348423428,-0.8885584305989198
1025,0.8782763664356708,0.03485465838509327,-1.4158219999999995,0.5360461802707945,-0.8146981109025688
1026,0.6787817785965089,0.020747619047619126,-1.7362308000000004,0.5317963590625503,-0.8239973934695968
1027,0.6928960913770297,0.009598964803312349,-1.8364786999999998,0.5167342712670067,-0.8437124438310519
1031,1.0328688908584525,-0.0037939958592133616,-1.2207432999999996,0.5029958752243786,-0.9499757445525034
1034,0.6286561519831473,-0.007783643892339542,0.07814829999999962,0.6663636001970517,-1.3523676400240703
1042,0.30756729685738904,0.04508985507246399,-0.14377460000000042,0.6113564806823888,-1.282645864514933
1047,0.6093384879725221,0.03394244306418248,-1.4266804999999998,0.554452394211669,-0.9768699561851975
1048,0.977096801606887,0.03561842650103575,-1.8429826,0.5337644470660763,-0.9010907183358228
1049,0.8312768729641675,0.03482380952380948,-1.9614158000000002,0.5337644470660763,-0.9010907183358228
1052,0.7333697785343425,-0.007132919254658754,-1.7823447000000003,0.534678283630047,-0.9815135047454646
1055,0.5552494007758781,0.003071221532091273,0.11480170000000012,0.6824038116661626,-1.3917182966670225
1056,0.3619757583054515,0.009657971014493172,0.027794000000000096,0.6904300435331248,-1.4592947896628772
1059,0.5507111464915297,0.027375776397515872,-0.06524250000000009,0.686006640703388,-1.4578516925958382
1061,-0.05906798568398486,0.020551759834368855,-0.33927900000000033,0.6640730068855607,-1.400617915982707
1062,0.6958273824108652,0.014341200828157263,0.3783770000000004,0.4064286924988103,-1.1046180296087726
1063,0.43486330704755716,0.03478964803312612,-0.8205403000000002,0.5852045250753584,-1.2904643661607054
1065,0.7309753944833197,0.026608281573498815,-1.7010065999999995,0.5681636504939203,-1.0296258299101027
1066,0.5716112247216643,0.03633022774327077,-1.8747600999999996,0.5573099752350519,-0.9740243368004542
1068,0.6609509933774973,0.013719254658385194,-2.0706169999999995,0.5472050929768759,-1.011979547327357
1069,0.829781220600939,0.007530641821946182,-1.9484645,0.5196200990844098,-1.0295448680868446
1072,0.9198340896425776,0.020714906832298152,-1.694203,0.5696052605867425,-1.0387193611003198
1073,0.8242404241761534,0.01328302277432658,-1.6053005999999996,0.5511406410099582,-0.9462186884643131
1074,0.8299071840848988,0.010830020703933574,-1.753647,0.541613884264569,-0.8745267313255596
1123,0.4591131714016825,0.018161697722566372,0.17480350000000033,0.39520592671964216,-1.1406957172419396
1187,0.46397422900182406,0.025509730848861212,0.06783439999999974,0.38730720536564966,-1.1623737377907162
1188,0.31272774438735595,0.04165113871635584,0.1222291000000002,0.38730720536564966,-1.1623737377907162
1190,0.5118122911459544,0.02846169772256757,0.24531860000000005,0.4026308415052142,-1.1153048652542026
1191,0.673577492117392,0.026715734989648188,0.28041560000000043,0.4141761051426851,-1.041799125614375
1195,1.1469204721526012,0.028718426501035066,0.4019284000000001,0.423192647381212,-0.9988278755706403
1249,0.5598524140839274,0.020725465838508872,0.011963399999999957,0.3526495661284095,-1.0890470063340274
1318,0.38489446695648866,0.02217018633540413,-0.018987000000000087,0.3526495661284095,-1.0890470063340274
1388,0.6507402367773238,0.011313664596272699,0.008517999999999581,0.32006659054798803,-1.0886703546923542
1461,0.0600569271719813,0.022911801242235796,0.0711233,0.28717843848457925,-0.9315227687294936
1536,0.15879115474053052,0.02344906832298177,0.10837219999999981,0.238831018864877,-0.7988471355704689
1542,0.619829307568434,0.011601863354037234,-0.08766549999999995,0.2843911113295494,-1.0487867049302508
1616,0.2359138365855067,0.022265631469979175,0.06143199999999993,0.24879903830022698,-0.8891778315102954
1618,0.4812185028921938,0.021419461697722464,0.026078599999999952,0.26764856830002337,-0.9746334024522127
1619,0.35925996398666626,0.014379089026915093,0.020755299999999366,0.26764856830002337,-0.9746334024522127
1693,0.08793013871372679,0.012673913043478868,0.0012639999999999318,0.22527355738827382,-0.8683445167752524
1694,-0.08565211238542858,0.01698861283643871,0.003861700000000745,0.23640016854010426,-1.0041979928975309
1703,0.24482294995969056,0.029907246376811747,-0.10873100000000058,0.3189974228908863,-1.1525199025994937
1770,-0.5895060226839846,0.008694616977225289,0.49864820000000076,0.15545707491564542,-0.5794629200776598
1774,-0.06332488186843577,0.018356935817805398,0.26919049999999967,0.2047782848734485,-0.6597465235406474
1775,-0.02921786171905083,0.02078240165631462,0.21561960000000013,0.2047782848734485,-0.6597465235406474
1787,0.5023297769563548,0.015954865424430587,-0.12071599999999982,0.2965267053227514,-1.1606388508393906
1859,-0.749724363428335,0.0008306418219463652,0.5338289999999999,0.16926374923986387,-0.6973016317314631
1861,-0.36070771533316304,0.019848240165631692,0.4862660999999999,0.17660754632216324,-0.7209799922272424
1864,-0.3725695222722081,0.01312318840579707,0.4642811,0.18426656800849806,-0.7437560313428833
1869,-0.020592677877896648,0.01681387163561121,0.22178659999999972,0.20200249769314382,-0.8651401730522537
1959,-0.5207121860923323,0.0146871635610768,0.5331799999999998,0.16271040224647848,-0.713863910634231
1961,-0.7482701931347151,0.030067494824016716,0.45528480000000027,0.16926374923986387,-0.6973016317314631
1965,-0.2380026101065269,0.0245577639751553,0.4595570000000002,0.18426656800849806,-0.7437560313428833
1970,0.1683254866953554,0.01746045548654218,0.23365309999999972,0.20200249769314382,-0.8651401730522537
1980,0.5354409401136877,0.02579585921325056,-0.034351400000000254,0.28813576549811337,-1.184231047184639
2001,0.6003253311257986,0.02797267080745336,-0.020186999999999955,0.6809462587324191,-1.4360175984993617
2002,0.6003253311257986,0.02797267080745336,-0.020186999999999955,0.6809462587324191,-1.4360175984993617
2051,-0.4250219336219807,0.01636335403726652,1.053972,0.10535418113900441,-0.3472868734392023
2056,-0.40296166142559997,0.028252587991718148,0.3384089999999995,0.11252880468394011,-0.19694300134210607
2077,-0.4012980186839421,0.030097101449275576,0.45528480000000027,0.16926374923986387,-0.6973016317314631
2079,-0.3625802727182226,0.03280807453416146,0.49002930000000067,0.17660754632216324,-0.7209799922272424
2081,0.043539415204673304,0.019245134575569423,0.4595570000000002,0.18426656800849806,-0.7437560313428833
2083,0.05112969045482885,0.015482401656314648,0.32565769999999983,0.19269232085645527,-0.7725884545478579
2088,0.020647237086471648,0.01631387163561049,0.05601900000000004,0.2136298480115073,-0.9813557033140654
2099,0.5794514716981674,0.012972670807453124,-0.09525380000000006,0.3155369287819063,-1.1591773430034635
2100,0.27449282251159346,0.02401821946169791,-0.09525380000000006,0.3155369287819063,-1.1591773430034635
2101,0.14032293399566242,0.010471221532091013,-0.12146100000000004,0.3410523796362348,-1.1531206548423398
2166,-0.72933511317434,0.023299171842650068,0.3624590000000003,0.10962031009473172,-0.47200083395780723
2170,-0.2678315647052223,0.022380538302277708,0.2957788000000008,0.12198571869554442,-0.47236066501119467
2172,-0.5326806715550205,0.021436853002070655,0.27954100000000004,0.1283394012860466,-0.4503640232905184
2179,-0.36976731140133623,0.02993933747411992,0.3704420000000006,0.1416157622760572,-0.5675324453292205
2194,-0.19038296817505085,0.02089792960662551,0.5480843000000002,0.1742508209786795,-0.8589359878507992
2195,0.2497898612552163,0.01575693581780535,0.5922960000000002,0.18177682741207057,-0.88475475505183
2216,0.2579118281598092,0.016164182194616683,-0.042207699999999626,0.34543310932515325,-1.1150102842375276
2281,-0.21434380979922807,0.018228985507246276,0.7297744000000002,0.10962031009473172,-0.47200083395780723
2287,-0.47871815458727696,0.032408695652173636,0.29240889999999986,0.1283394012860466,-0.4503640232905184
2294,-0.37331168392995195,0.029978467908902462,0.4119447000000003,0.1416157622760572,-0.5675324453292205
2310,0.05424601862053535,0.024809523809523948,0.7209696000000001,0.1742508209786795,-0.8589359878507992
2406,-0.3607068311196002,0.040196480331262996,0.3521370999999993,0.1404160396400833,-0.8163369310540389
2414,-0.19142045590169232,0.020103105590061898,0.5094320000000003,0.15360363100504237,-0.8868782459312712
2425,-0.3123399663400015,0.032411387163560845,0.6260776999999997,0.18100601986172293,-1.0170244676487812
2510,-0.17673298583074626,0.01592401656314657,0.28866820000000004,0.11023475181666953,-0.6738382494483659
2512,-0.12580357739096826,0.012874534161490314,0.24188999999999972,0.11706542706051337,-0.7208228828786929
2515,-0.20289889372881476,0.02349254658385136,0.25245289999999976,0.12372212481169242,-0.7314201035072614
2530,-0.33748063274668283,0.03314741200828131,0.5133666000000003,0.15786656091689366,-0.927862924478589
2531,-0.13626520785958007,0.019821739130435057,0.5133666000000003,0.15786656091689366,-0.927862924478589
2623,-0.18356803735897032,0.02793809523809543,0.28272530000000007,0.11128024400909986,-0.9150728494187348
2645,0.24361781023892704,0.019623395445134917,0.5476380000000001,0.1679860546507257,-1.192059527592761
2987,0.5114841802960974,0.014222981366460163,0.47795139999999936,0.19002148252170414,-1.4551884605371725
3001,0.27827268835618924,0.0033699792960663055,-0.28263000000000016,0.6300960114131833,-1.3077662714762397
3002,0.27827268835618924,0.0033699792960663055,-0.28263000000000016,0.6300960114131833,-1.3077662714762397
3082,-0.31435168860511453,0.02758612836438945,0.3755227999999997,0.1378002431858807,-1.2570082164533858
3097,0.23192181442529147,0.01838509316770176,0.28962539999999937,0.17883280731427753,-1.282167049272303
3197,-0.15630943882984027,0.016698550724637662,0.3049103999999998,0.14600389878001963,-1.2218181420423235
3309,0.3608029330724989,0.02191325051759796,0.2821965999999998,0.14600389878001963,-1.2218181420423235
3414,-0.04249553375452564,0.015624637681159959,0.34249879999999955,0.1404677560484533,-1.335185107945449
3416,0.14558503816786939,0.02379834368530065,0.31263549999999984,0.14939225480503104,-1.3382368435437684
3427,0.22228550321875318,0.033463146997929294,0.272875,0.1877456044202237,-1.2691228508623595
3520,0.06553484336292215,0.011907039337473835,0.3726710000000004,0.1404677560484533,-1.335185107945449
4000,-0.04989628922942302,0.0663238095238099,0.37289640000000013,0.4923753539775433,-1.1655741310546262
5000,0.4653596554199062,0.022095859213250968,0.3628643999999994,0.4159132420303795,-1.042460443317097
6001,0.37584544085270366,-0.002507453416148775,-0.03464700000000054,0.1669653016290642,-1.2817659223294982
6002,0.6508350402030985,0.006757142857143128,0.17288100000000028,0.1669653016290642,-1.2817659223294982
6003,0.32055647297956824,0.026685714285714646,0.14461800000000036,0.16118606935686053,-1.3091339412302858
6004,0.4717314073784742,0.020589440993789232,0.16637900000000005,0.16118606935686053,-1.3091339412302858
6005,0.6568384520134636,0.02125362318840618,0.19048649999999956,0.14476161646599728,-1.3380025260248232
7001,0.23193802321284807,0.02741283643892356,-0.06068150000000028,0.21784783781360417,-1.3699141987858354
7002,0.23193802321284807,0.02741283643892356,-0.06068150000000028,0.21784783781360417,-1.3699141987858354
8003,0.6187997089625021,-0.056462732919254854,-0.8675142999999998,0.43260367856433746,-0.28699351421454367
8009,0.7552116551697807,0.0012960662525878242,-0.8587023,0.4129916168776475,-0.7863343413703916
8010,0.7855491169646456,-0.014347619047619387,-0.9076255,0.5029958752243786,-0.9499757445525034
8011,0.8242404241761534,0.01328302277432658,-1.6053005999999996,0.5511406410099582,-0.9462186884643131
8012,1.241856141270599,-0.036551552795031084,-0.781085,0.493410017332085,-0.6489090649582465
8013,0.887984180533703,-0.02990828157349923,0.1056216000000001,0.4180567694962569,-0.4612797689027275
