UA,PD_ciclo1,MPD_ciclo1,MNTD_ciclo1,PD_ciclo2,MPD_ciclo2,MNTD_ciclo2,PD_delta,MPD_delta,MNTD_delta
1,2364.964423003,236.961754591,117.91608200023076,2672.207212003,237.5589208216989,109.8453236454516,307.24278900000036,0.5971662306989174,-8.070758354779159
10,3155.671881402,267.969414186439,90.12578291731708,3086.755896506,267.15081290414616,93.58741692545,-68.91598489599983,-0.8186012822928319,3.4616340081329184
1001,2673.111269,275.69861091333337,154.16103592,2453.530802,280.1028913766234,160.90857368181818,-219.58046699999977,4.404280463290036,6.747537761818194
1003,2428.898993996,284.1771172061884,139.23706408316667,2638.411140996,283.49529794738464,142.42332623046153,209.5121469999999,-0.6818192588037846,3.1862621472948547
1010,1918.141141,304.2692272967033,199.06493807142857,1840.177954,309.69422523076923,207.7275982307692,-77.96318700000006,5.424997934065914,8.662660159340618
1013,1555.1730960000002,304.86263856060606,155.88565625,1870.648936,285.3569427916667,144.754182125,315.47583999999983,-19.505695768939347,-11.131474125000011
1016,2289.51004,276.50585351082253,132.66989054545454,2203.0645750000003,279.1016911526316,141.3995668,-86.44546499999979,2.595837641809055,8.729676254545467
1019,2590.807668,267.27106530158727,124.92311385714284,2707.7302010032,266.54173459791446,116.20603470021334,116.92253300319999,-0.7293307036728152,-8.7170791569295
1024,3064.820978,308.8693727260504,110.25162014285712,3148.680556,352.1387570611664,86.8012165,83.8595779999996,43.269384335116,-23.450403642857125
1025,3705.191821006,280.0726609832381,96.2787178369796,3917.815134006,278.97917931608526,88.04760533355555,212.62331300000005,-1.0934816671528438,-8.231112503424043
1026,3306.035076902,284.616606096074,76.3674766275,3376.351392902,306.02224637790243,89.64860038065854,70.31631599999992,21.405640281828425,13.281123753158539
1027,3608.954912899,272.19712919266124,119.58567955379488,3839.643716899,266.6211298563192,106.48056625773332,230.6888039999999,-5.575999336342022,-13.10511329606156
1031,2866.389596003,257.25932982905346,112.4418180592647,2839.1619680030003,257.0446537916203,110.00872785338235,-27.22762799999964,-0.21467603743315067,-2.433090205882351
1034,1541.762820996,243.11275013129668,137.52961449971428,1941.313593996,299.2683409328,189.98954993306663,399.55077299999994,56.15559080150334,52.45993543335234
104,3452.049174996,280.2916550659217,116.43162510246154,3502.501939996,279.7199847600564,116.0806695249,50.452765,-0.5716703058653252,-0.3509555775615354
1042,2210.547402,317.57082139473687,126.17128945,2411.249563996,296.36899279353844,102.85453253830768,200.70216199599963,-21.20182860119843,-23.316756911692323
1047,1970.3773649992,234.03455186225216,100.6334731251,3222.8073000022,324.93028084861817,122.81363339419394,1252.429935003,90.89572898636601,22.180160269093946
1049,4393.420968003001,240.8993006465073,101.73632027123728,4660.725394006,239.5236503026348,91.27345075017648,267.3044260029992,-1.3756503438725076,-10.462869521060796
1052,3937.773201999,301.6770438230884,100.33183734704082,3926.966425899,307.5560220811785,98.80951760846808,-10.806776099999752,5.878978258090115,-1.5223197385727332
1055,1807.989246,293.7493875428572,158.521206,1889.880607,277.6630886432749,119.96086152631578,81.89136099999996,-16.086298899582346,-38.560344473684225
1056,3605.577736996,282.97001304964783,112.17399167423255,3677.016902996,279.9970827244638,102.55002849982608,71.43916600000011,-2.972930325184052,-9.62396317440647
1059,3074.082819996,258.68292004783183,109.76768859437838,3693.783650996,301.0775081229221,108.24980361885714,619.7008309999997,42.39458807509027,-1.5178849755212411
1061,2824.5274725,264.8795918731183,135.5446649354839,2930.688818,325.21729034274193,104.23621828125,106.16134550000015,60.33769846962366,-31.30844665423389
1062,2448.8502350000003,273.5591039604743,138.70475060869566,2598.569869,271.70758415333336,140.73160444,149.7196339999996,-1.85151980714096,2.0268538313043507
1063,3361.0031870000003,277.8746065923077,104.22947555,3309.11614,279.5919936194332,105.61302435897436,-51.887047000000166,1.7173870271254827,1.3835488089743535
1068,3476.2381599990003,240.2916559757132,111.23832553337778,3138.7927158990005,240.85375729841152,108.57687666495,-337.4454440999998,0.5621013226983109,-2.661448868427769
1069,4530.488268825,257.23254019260435,118.18076959163793,4986.7706617250005,273.6506766586616,128.7591895611356,456.28239290000056,16.418136466057263,10.578419969497673
1072,4150.347430003,306.13787133515643,107.33941444916329,4279.580477003,296.68793678529426,93.58996460010908,129.23304699999971,-9.449934549862178,-13.749449849054201
1073,3594.890085999,235.23216045923755,93.69580423086538,3830.774011999,274.94114086949395,92.45941675009615,235.88392599999997,39.7089804102564,-1.2363874807692241
1074,3983.016041996,238.2199335463285,94.11941994908474,4210.548590896,237.85883144267893,91.54122942209524,227.53254890000017,-0.3611021036495572,-2.578190526989502
113,1972.349821,340.054570075,130.711889,1836.874125,345.1006416571429,117.37033333333332,-135.47569599999997,5.046071582142872,-13.341555666666693
114,1481.9705740000002,403.7259219444445,199.9378213333333,1424.359415,423.3313975,225.769120375,-57.61115900000027,19.605475555555472,25.83129904166671
117,5206.741230003,282.9755924191333,95.45241475727144,5242.149236003,280.73159869656604,97.22296671441428,35.40800599999966,-2.243993722567268,1.7705519571428425
118,4714.660146006,309.85366696948336,87.73298429015942,4509.670557006,305.51450270948817,81.85011794311428,-204.9895889999998,-4.3391642599951865,-5.8828663470451374
1187,3580.0392969960003,244.02037001606968,118.98271730933332,3667.874388996,243.78150541208032,113.43548390890908,87.8350919999998,-0.23886460398935583,-5.547233400424247
119,3546.150754899,266.2730090219757,101.57581179106668,3230.1242398992,298.2993013359928,91.49338120536216,-316.02651499979993,32.0262923140171,-10.082430585704529
1191,2858.3861149960003,240.64599239548664,109.91195211741176,2890.593134996,240.73908246363695,104.54793599977144,32.20701999999983,0.0930900681503033,-5.364016117640318
1195,2757.648865,266.0696149218391,124.09617223333332,2907.7258540000003,262.86729801136363,119.47220451515152,150.07698900000014,-3.2023169104754743,-4.623967718181802
122,2405.001710899,243.3822497728374,84.69502546889656,2575.578480899,243.48974348337632,89.03725482574194,170.57677000000012,0.107493710538904,4.34222935684538
123,4111.899762003,288.1511939421594,111.9637961957174,4458.124810899,281.6645141452835,98.03378139263636,346.22504889599986,-6.486679796875933,-13.93001480308105
134,2108.843287,298.96337895238094,98.45417786363636,2430.431985,290.65660913846153,108.0449733846154,321.588698,-8.306769813919402,9.590795520979043
137,2189.922915,324.35350573099413,127.7810437368421,2189.922915,324.35350573099413,127.7810437368421,0.0,0.0,0.0
1388,3609.649563996,238.8767044745697,109.05404584435556,3879.752598996,237.4933435956229,101.1889422306923,270.1030350000001,-1.383360878946803,-7.865103613663251
139,1202.070742,425.9507454285714,173.76419485714283,1202.070742,425.95074542857145,173.76419485714283,0.0,5.684341886080802e-14,0.0
140,1133.285706,349.84466790476193,186.49146628571427,1369.36067,331.62957950000003,194.97813066666663,236.07496400000014,-18.2150884047619,8.486664380952362
141,3800.046353003,270.1120662905029,130.35929995259522,3588.722806003,269.4221244147805,122.40927478078048,-211.32354699999996,-0.6899418757224112,-7.950025171814744
142,3617.5758015092,335.63136510452534,100.43817307019536,4058.0161200092,324.07645899057206,101.173728060368,440.4403185000001,-11.55490611395328,0.7355549901726448
143,3855.583201006,285.02123502611767,84.37944668662745,4270.833914006,281.4590958008916,95.12853283663635,415.2507129999999,-3.562139225226076,10.749086150008907
146,3544.380682899,270.5661053021463,110.33101442921952,3489.790377899,267.4425111634831,104.2803955380476,-54.59030500000017,-3.1235941386631794,-6.050618891171922
147,3201.5937573990004,243.96138911556096,95.11752938036584,3187.523594402,243.59483612453135,73.97157333921739,-14.070162997000352,-0.36655299102960726,-21.14595604114845
148,4046.669455003,316.9620796260116,116.96348108352085,3853.514793003,316.7595409011452,111.20484814912766,-193.15466200000037,-0.20253872486637192,-5.758632934393191
15,4141.169187396,244.92213729859165,83.41076390675862,4415.543503396,243.50785736853075,81.42143940910769,274.37431600000036,-1.4142799300609,-1.9893244976509266
1536,3260.627060996,266.5874108196036,124.94140837827028,3164.292540996,267.4160276934286,121.71537380544444,-96.33452000000034,0.8286168738250126,-3.2260345728258386
1619,2113.5864409960004,235.25082387317,120.972862652,2136.925285996,238.80488015775487,119.87614869547824,23.338844999999765,3.554056284584874,-1.0967139565217678
165,1762.7500100000002,305.5013915897436,201.22906046153847,1804.034831,298.859251978022,185.5120887857143,41.28482099999974,-6.642139611721632,-15.716971675824169
166,1677.528326,300.5513485384615,189.51818361538463,1658.5573410000002,298.505393974359,186.9180953076923,-18.970984999999928,-2.0459545641025443,-2.6000883076923174
167,2023.756673,267.2172742055336,100.69824908695652,2245.901621,267.6582922466667,109.05475752,222.14494799999989,0.4410180411330771,8.356508433043473
170,4378.3216819022,264.1116438700395,110.85310982278114,4377.9033799022,279.20917651060347,85.03474501065614,-0.4183020000000397,15.097532640563998,-25.818364812124997
172,3353.837714896,245.1824768824878,105.40490030712196,3113.161175896,244.5531944973713,101.859449884,-240.67653900000005,-0.629282385116511,-3.545450423121963
174,3889.301937999,286.8855935951973,90.57634546942856,3871.382953902,285.21223967364705,79.14167342366666,-17.918984097000248,-1.6733539215502446,-11.4346720457619
175,3589.364569899,292.2781926778987,103.500229965025,3903.311492899,288.0029809532889,105.0904682578,313.94692299999997,-4.27521172460979,1.5902382927749983
177,2675.250136,290.54395004761903,109.69930421428572,2662.148178,289.0318165343915,108.76345007142858,-13.101958000000195,-1.5121335132275249,-0.9358541428571385
1770,3640.250325999,238.1962186327049,106.04128638302129,3896.431779999,238.58118001383755,107.97169240004,256.18145400000003,0.3849613811326549,1.9304060170187114
1774,2432.270529996,238.2632223145291,106.50225417842856,2238.1749600000003,234.28907661538463,107.32627942307693,-194.09556999599954,-3.974145699144458,0.824025244648368
188,2149.310647,274.0177942337662,124.33185113636364,2057.582515,279.9488044736842,115.7740023,-91.72813199999973,5.93101023991801,-8.557848836363632
191,2208.428575,271.4654675724637,114.26930654166668,2412.694225,269.0680128262108,112.5022144074074,204.26565000000028,-2.3974547462528903,-1.7670921342592862
192,1789.616404,300.3538503626374,179.10652357142857,1675.498645,322.7188480363637,227.70698781818183,-114.1177590000002,22.364997673726293,48.60046424675326
193,1662.987204,303.7507258974359,174.6876763846154,1756.2206520000002,299.6506755604396,175.29335707142857,93.23344800000018,-4.100050336996333,0.605680686813173
194,4127.5560450092,321.39023422656595,104.51165881669796,4386.1262590092,316.2572488450496,104.45334598147548,258.5702140000003,-5.132985381516335,-0.05831283522248043
1959,3733.251353,262.9811909195122,131.54261487804877,3651.031449,264.51060421410256,129.1240882,-82.21990400000004,1.5294132945903698,-2.418526678048778
1961,3350.531883996,291.589218590888,98.24368248707692,3336.288883996,286.74798232965856,87.25537669038096,-14.242999999999938,-4.841236261229426,-10.988305796695968
1965,3158.796747,273.65857426136364,136.41647439393938,3554.98689,268.7448572442645,124.4420142051282,396.19014300000026,-4.913717017099145,-11.974460188811179
1970,1998.548452996,240.2641678914113,115.63300477236363,2160.1417059960004,240.56684451968,98.25762403968,161.59325300000046,0.30267662826869923,-17.375380732683638
199,5035.996800003,286.82804654897785,91.15375364797184,5094.574522,282.6775694631579,84.94402978947369,58.57772199699957,-4.150477085819944,-6.209723858498151
2001,2250.289612996,277.1894069615238,140.12576185695238,2819.583541996,399.8102106083479,155.43400630417392,569.2939289999999,122.62080364682413,15.30824444722154
206,2426.717731,262.27223920307694,128.0142806923077,2553.346676,260.1254793386244,123.25671014285714,126.62894499999993,-2.1467598644525197,-4.7575705494505485
208,2788.5128795,291.7510184873563,111.34823256666668,2788.5128795,291.7510184873563,111.34823256666668,0.0,0.0,0.0
21,4112.945729399,261.9265734491593,98.94163812212965,4283.608478503,277.55349223096084,86.2656110678983,170.6627491039999,15.626918781801521,-12.67602705423134
211,2946.293409,287.8367289548387,112.15279225806452,2845.137599,289.1775115241379,114.8733002,-101.15580999999975,1.340782569299222,2.7205079419354803
214,1418.062008,244.20229048484848,140.72968516666666,1470.010635,245.5398383333333,159.3474855,51.94862699999999,1.3375478484848315,18.61780033333335
217,2074.90792,234.92750535692304,75.55866738461539,1941.661815,232.53781981333333,73.86639892000001,-133.24610500000017,-2.3896855435897066,-1.6922684646153812
2179,2656.572145999,239.98424869348588,104.7022728125625,2731.2761019990003,236.53200151130304,105.8177785151212,74.70395600000029,-3.4522471821828447,1.115505702558707
218,3026.543079,271.59525148817204,136.21294596774192,3273.438877,273.87419868939395,134.83686724242423,246.895798,2.2789472012219107,-1.376078725317683
2194,2963.894076996,234.2801909571152,96.38064947357894,3396.076130996,234.83703087456968,92.67952119991112,432.1820539999999,0.5568399174544822,-3.7011282736678197
221,4241.386629506,274.2825936619453,79.70904859040984,4620.081927506,269.9737018616402,74.9215518407971,378.69529800000055,-4.308891800305105,-4.7874967496127425
2216,2551.431711996,241.61919128892308,137.71696907676923,2710.775999996,239.2497381928368,121.30812019986666,159.34428799999978,-2.369453096086289,-16.408848876902567
225,2546.7964485,281.2626111277311,82.16245925714286,2522.8121295,282.8757704741533,87.85376699999999,-23.98431900000014,1.6131593464222078,5.691307742857134
228,2092.316729003,298.4477260591765,180.13931805935297,2147.900784003,293.41312894768424,149.129937211,55.58405499999981,-5.034597111492246,-31.009380848352976
23,2760.615956899,242.2151053774048,95.1554770998611,2883.877934899,243.03757453024608,93.77285083144736,123.261978,0.8224691528412791,-1.3826262684137447
2310,3767.459476996,267.97529109082564,132.2357420998,3206.367763,271.0307075037879,138.7990598787879,-561.0917139959997,3.055416412962245,6.56331777898788
2406,2617.880057996,239.11031438134253,111.39264939986668,3093.771543996,237.62651218897295,110.24590562151351,475.89148600000044,-1.4838021923695806,-1.1467437783531693
242,1716.010463,274.1652394117648,125.51708382352942,2222.450036,267.8301490434783,126.9477575,506.4395730000001,-6.335090368286501,1.430673676470576
2425,3248.332014996,240.70879881629017,112.60199273673685,3295.2788329960003,240.285295762278,109.36964510246152,46.94681800000035,-0.4235030540121727,-3.232347634275328
246,2559.566177,240.00919254679803,111.7963004137931,3229.208822,273.0877477932264,128.7484277647059,669.6426449999999,33.07855524642838,16.95212735091279
249,2530.845642,243.23233398,153.7607234,2626.786322,240.93821065527064,146.18231996296296,95.9406799999997,-2.2941233247293553,-7.578403437037025
251,3032.885141003,272.8591241894409,135.82006051632257,3191.915934003,270.9321553676061,134.33504615169696,159.0307929999999,-1.9269688218348051,-1.4850143646256129
2530,2532.662541996,232.37942848384125,127.79345774985714,2694.128128996,232.88023036525053,126.3386885332,161.46558700000014,0.5008018814092736,-1.4547692166571409
254,3081.4248700030003,286.9997553855122,81.44735317095122,3445.7745385030003,277.8492067441701,81.80951128589795,364.3496685,-9.150548641342084,0.36215811494673744
260,2791.270709,267.4993161970443,128.85728124137933,3078.059241,268.5886810150538,139.15415829032258,286.78853200000003,1.0893648180094715,10.296877048943259
261,1412.8970900000002,239.00533050909087,182.4483403636364,857.5729840000001,246.8832412,224.70149440000003,-555.324106,7.877910690909118,42.25315403636364
2623,2252.0719549960004,234.1634856240529,93.06772228557142,2821.124990996,236.0543735111212,110.10484790896967,569.0530359999998,1.8908878870683168,17.037125623398254
2645,2979.459924996,239.0570606165205,119.0644127057647,3003.4497519960005,238.734121673721,113.09265902845712,23.989827000000332,-0.32293894279948177,-5.971753677307575
27,2599.808716899,277.3272315207236,124.33001157792592,2482.132262899,275.5415724153105,107.70479020744445,-117.67645399999992,-1.7856591054131172,-16.62522137048147
279,2584.454943,238.146114511828,101.88486512903224,3339.981102996,264.8253407203128,110.8497891499,755.5261599959999,26.679226208484806,8.96492402086777
28,4017.057117402,317.4584237622276,82.5959675564909,3892.914938902,319.6888878591466,80.09017910579246,-124.14217850000023,2.230464096918979,-2.5057884506984465
281,2972.769429999,277.2346513246667,123.88743361296774,3601.266355999,269.57914765379616,120.16364040005,628.4969260000003,-7.65550367087053,-3.723793212917741
284,4096.6241269022,308.8943744236732,94.69936192919585,4026.7345309022,309.7157737454817,92.5298103458625,-69.88959600000044,0.821399321808542,-2.1695515833333445
285,3356.330303896,324.1643847463044,98.25592551557897,3389.134978896,318.35856729697946,92.9461987398,32.804675000000316,-5.805817449324934,-5.3097267757789695
286,3371.533708,320.91189535462183,127.20575262857145,3313.735663,287.5425303363363,130.55618732432433,-57.798045,-33.36936501828552,3.350434695752881
287,3647.338471996,292.4262934063136,113.28116866657145,3684.211151896,290.7166643093319,103.048805718,36.872679900000094,-1.7096290969817005,-10.23236294857145
297,3088.33007,286.3539985472371,105.23347170588237,3070.317601996,288.88691788612124,108.71515709078788,-18.012468003999857,2.532919338884142,3.481685384905518
30,3757.243206006,318.0786682865098,94.51433723558824,3684.990693006,301.38779793166856,89.4045482203,-72.25251299999991,-16.690870354841252,-5.109789015288243
301,1550.1600990000002,326.92752673333337,225.0148614,1603.3280060000002,306.830907030303,171.00407333333334,53.167907000000014,-20.096619703030342,-54.01078806666666
304,2122.531167,283.45318844444444,153.60960994736843,2468.511031,273.44651353359683,151.5530379565217,345.9798639999999,-10.006674910847607,-2.05657199084672
308,3657.596090996,370.6420619998095,105.3744205475238,4037.395695996,363.0089194983768,110.03275178252174,379.79960500000016,-7.633142501432701,4.658331234997945
3082,2609.214909996,239.478673192836,122.43954271414285,2940.8236689960004,237.44108111406348,103.61672583322222,331.6087590000002,-2.0375920787725192,-18.822816880920627
309,3528.069043996,325.67506288142494,96.79060577263635,3716.913024996,314.94956529861554,83.92326807991999,188.84398099999999,-10.725497582809396,-12.867337692716362
3097,3305.834486996,235.65823415057184,124.20608676305262,3045.802261996,234.11206687755555,111.23055138877776,-260.0322249999999,-1.5461672730162945,-12.97553537427487
310,4000.586992496,284.72443586874,135.09486879536362,3846.098308996,285.4271939823879,134.25629669038094,-154.4886835000002,0.7027581136479171,-0.8385721049826884
311,2992.8537335030005,238.1227297411417,81.87915711919048,3073.379148503,238.04423160161627,77.08411261377273,80.52541499999961,-0.07849813952543627,-4.795044505417749
312,3407.389853996,273.7857308267619,137.22518719433333,3731.276522496,289.58508584654123,104.42554693172728,323.8866684999998,15.799355019779341,-32.79964026260605
316,4254.876669902,332.7801822731698,96.16263878907408,4234.508214902,318.4016556835297,98.76872842660376,-20.368454999999813,-14.378526589640103,2.606089637529678
317,3453.901169899,299.06338757581744,114.91583909986112,3554.776168899,305.126078302615,136.46334298817646,100.87499900000012,6.062690726797541,21.547503888315347
318,3624.786063002,295.0146366817898,131.93078745991892,3690.522923002,295.96490806016817,130.97168548694594,65.73685999999998,0.9502713783783747,-0.9591019729729737
321,3204.6746860000003,261.6259205650793,115.26160594444444,3194.9370830000003,260.4854513619048,120.89649933333334,-9.737603000000036,-1.1404692031745185,5.634893388888898
328,3508.8498949960003,262.0918662100564,119.4936661249,3668.417878996,260.12376417257144,118.5087512092093,159.5679839999998,-1.9681020374849822,-0.9849149156907089
3309,3198.4740029960003,238.2592886448691,98.86854284605128,3232.256423996,238.45104673805403,110.14835594726316,33.782420999999886,0.1917580931849443,11.279813101211872
336,2667.027018,276.88159317333333,150.8423448,2940.1380360000003,268.74431634252875,138.73292676666668,273.11101800000006,-8.13727683080458,-12.109418033333327
337,2669.832719,267.3680867034483,102.6132026,2760.046946,267.4174929419355,110.07252225806452,90.21422699999994,0.049406238487222254,7.45931965806453
340,2509.8017910030003,238.5519006882335,85.212266559,2832.669976003,291.6160984295916,82.60526070278378,322.8681849999998,53.0641977413581,-2.607005856216219
341,3271.926078003,266.1828856465776,119.42495456441026,2683.1966180030004,235.48525451082645,88.56011405278947,-588.7294599999996,-30.697631135751124,-30.864840511620784
344,2832.687223,307.7911963096774,79.82385070967742,2863.175065,327.3838204812834,77.70961552941176,30.487842,19.59262417160602,-2.114235180265652
345,3218.325530999,306.01879967039395,109.54912403045456,3593.625184999,292.8812799145854,98.18967400004878,375.2996539999999,-13.137519755808569,-11.359450030405782
349,4770.306584902,284.635915550207,75.60709440553424,4823.738503902,284.8483360113232,79.89847955005555,53.43191899999965,0.21242046111620994,4.291385144521314
35,2246.202844996,243.19414924604348,113.1929990415,2693.636685996,243.53133917706404,125.902472724,447.43384100000003,0.3371899310205606,12.709473682500004
351,4031.613582902,266.5928840681684,112.59267340847916,4484.223917402,259.7899658343825,95.83568287880328,452.6103344999997,-6.802918233785931,-16.756990529675875
352,3263.990059,277.3352308467023,134.4899752352941,2910.422284,247.5784066827586,139.78179896666666,-353.567775,-29.75682416394369,5.291823731372546
365,2728.1380470000004,273.1274334984615,142.5994383076923,2718.28937,273.2837265692308,148.56747373076922,-9.848677000000407,0.1562930707692658,5.968035423076913
367,3074.949932996,287.0300890451496,99.45345502845714,3016.535922996,285.7135098521587,86.52343399988888,-58.41400999999996,-1.3165791929909005,-12.930021028568262
369,2867.290061,262.7929728225806,126.75952578125,3204.013383,259.9122368619048,127.5904789722222,336.7233219999998,-2.8807359606758496,0.8309531909721954
37,4573.607097003,275.22414012062944,85.28529834379687,4675.115680003,274.7026248000923,85.83574741543076,101.50858300000073,-0.5215153205371621,0.5504490716338921
377,3087.025470996,275.1353055719572,122.13038897047058,2845.945393999,242.0837723555,91.86956711116666,-241.0800769970001,-33.05153321645719,-30.260821859303917
383,4022.5602985,273.7392737247429,83.16402205172413,3559.680903,281.60974197317296,87.60159408510638,-462.8793955000001,7.870468248430086,4.437572033382253
384,3212.187396006,289.6945281374795,93.49491682545,3259.566230506,286.36350364479733,81.72812411662791,47.37883449999981,-3.331024492682161,-11.766792708822095
385,3225.899318,306.4730182746401,90.4316380232558,3387.79156,303.9112281010101,92.80213084444443,161.8922419999999,-2.5617901736299586,2.370492821188634
386,4220.365842006,290.6484212023825,83.21710381986885,4254.082054006,289.7585977955399,82.39969245180644,33.71621200000027,-0.889823406842595,-0.8174113680624089
387,3951.58195,309.8341693709528,106.08518819148937,4086.063803,302.1006079927431,91.78201301886791,134.48185300000023,-7.733561378209686,-14.30317517262145
39,3528.027957896,242.01706712910143,96.07085557808696,3587.328523896,241.0959751282294,97.64229307642552,59.300566000000345,-0.9210920008720223,1.571437498338554
390,2850.376156002,239.27644977217204,126.75514161335484,2994.987846002,240.1485289984336,111.85972762888572,144.61169000000018,0.8720792262615475,-14.895413984469116
391,2544.726712999,271.0771153014615,147.9037221923846,2544.726712999,271.0771153014615,147.9037221923846,0.0,0.0,0.0
392,2420.314396999,223.2898702750608,115.06271928578572,2991.193322999,232.56990247409445,120.9970351765294,570.8789259999999,9.280032199033656,5.934315890743676
395,2866.6625159960004,242.41414209066667,107.12890184824242,3035.452801996,242.78466918158287,116.8407239115294,168.79028599999947,0.3705270909161982,9.711822063286974
397,2200.031485996,236.29240257213044,122.4040615415,2656.394041996,234.6239550679394,106.08724233321212,456.36255600000004,-1.6684475041910503,-16.316819208287882
398,2634.035260996,238.38249603338488,88.85358702845714,2932.4648209960005,239.45471734595384,89.3860040749,298.4295600000005,1.0722213125689564,0.532417046442859
4,3929.757076896,243.6877682340633,85.79811966530909,4099.395830396,243.48836609852012,84.3276601117288,169.6387534999999,-0.1994021355431812,-1.4704595535802838
40,3749.085755999,242.36462689754103,115.3435567175652,3766.401193999001,242.14562469893875,102.16946061234694,17.315438000000995,-0.21900219860228276,-13.174096105218268
403,2117.25858,236.13968448,102.34483426923076,2012.312084,235.3829298586957,110.04350995833332,-104.94649600000025,-0.7567546213043101,7.698675689102558
405,1907.623873,273.3295125620915,140.30821088888888,2596.245553,266.7783878968254,116.17902746428572,688.6216800000002,-6.551124665266116,-24.129183424603156
409,3598.5576060000003,257.0186244111498,127.46431354761904,3743.276874,272.941236384778,119.90127625,144.71926799999983,15.922611973628193,-7.563037297619047
41,3599.362152999,272.3420245475635,151.5291531945,3788.851386999,269.4100953629717,148.2115846410769,189.48923400000012,-2.9319291845918087,-3.3175685534230865
413,2609.8721695000004,239.6919852365592,103.83611148387098,2691.9885285,237.03136361140815,96.44329088235294,82.11635899999965,-2.6606216251510375,-7.392820601518039
415,2897.900228,264.75561054654656,99.98076143243244,2934.906324,260.990483974359,94.332509125,37.00609600000007,-3.765126572187569,-5.648252307432443
419,4031.5987215,274.7616604619608,111.36596943137256,4149.2762205,302.7976797144586,88.07129624137932,117.6774989999999,28.036019252497795,-23.294673189993247
421,4401.356609503,296.43563863669675,91.90442777203508,4487.269745503,295.3964799020998,93.28239060355172,85.91313600000012,-1.0391587345969242,1.3779628315166406
423,3337.945105005,284.17520250530066,62.4688398300851,3568.641768005,279.47692195573734,61.19273178207273,230.69666299999972,-4.6982805495633215,-1.2761080480123752
424,4055.634223009,304.11703599407844,95.4462046082549,3957.227736009,306.8339899799592,93.3496942657347,-98.40648699999974,2.716953985880764,-2.0965103425202045
425,4118.579698506,312.0080968059525,96.85585518557409,4395.066377509,311.71551268786936,104.79006027316365,276.48667900300006,-0.2925841180831412,7.934205087589561
427,4833.659696003,322.1623037560322,115.49993230015,4797.385580003,318.73713779808725,108.23486809691936,-36.274116000000504,-3.425165957944955,-7.2650642032306365
428,4082.048512402,279.1941033103312,80.11613493946429,4104.984032902,279.1915550116299,82.62523888578572,22.93552049999971,-0.0025482987012992453,2.5091039463214315
429,4866.425184003,301.29897854694406,98.01588736377272,5219.942211003,300.9218405218261,103.49547527549277,353.51702699999987,-0.3771380251179721,5.479587911720046
430,2877.824193825,350.5843214573504,125.32983375218518,3203.483103725,358.10514825685385,109.50733717967648,325.65890990000025,7.520826799503425,-15.822496572508697
435,2361.924179996,238.60483577748147,118.7605278885926,2798.504553996,240.93490258241127,123.531762281,436.5803740000001,2.3300668049297997,4.771234392407393
438,3059.271370996,239.5553718006429,103.64900568410526,3043.581684996,240.4150742113385,89.7103995999,-15.68968599999971,0.8597024106956042,-13.938606084205261
442,3539.57726,257.7254009038461,123.972970975,3703.446458996,258.6977921149856,116.8506360696744,163.8691989959998,0.9723912111394952,-7.1223349053256015
450,3410.6185060000003,259.2594301711712,140.59641724324325,2977.009096,258.99893321590906,129.66383203030304,-433.60941,-0.2604969552621128,-10.93258521294021
456,2479.942151,241.93574315763547,96.63795672413794,2517.403835,241.83738856157635,102.51210524137932,37.46168399999988,-0.09835459605912433,5.87414851724138
460,3747.650461003,329.4520715199372,92.49195908715215,4076.391101003,318.7699029345045,95.98176971171154,328.74064,-10.682168585432692,3.4898106245593823
464,4181.460403506,282.5055215089347,103.56620281166038,4428.294203506,279.61951147147124,98.37891584513793,246.83379999999943,-2.88601003746345,-5.18728696652245
465,4335.835139006,256.70488224084585,96.26873511149206,4320.807452506,255.4994547174494,96.81971817225,-15.027686499999618,-1.2054275233964518,0.5509830607579431
468,4457.506247503,290.5496407559513,110.95977244653572,4211.172162003,295.8988686244314,114.18910313737256,-246.33408549999967,5.349227868480057,3.229330690836832
47,3905.586294899,243.49575363644087,87.03735821483333,4159.989958399,261.98289726412014,90.95494745716071,254.40366349999977,18.487143627679274,3.917589242327381
470,3814.885079899,318.34851194456536,126.303017340025,3814.885079899,318.34851194456536,126.303017340025,0.0,0.0,0.0
487,2737.622777996,236.35550637878225,108.068430593625,2555.797688996,236.15282819343588,136.78093770355554,-181.82508899999993,-0.20267818534637172,28.71250710993054
49,4317.892769899,294.2204446133801,89.83509578885185,3666.418340899,285.19305601642367,78.86160003399999,-651.4744289999999,-9.027388596956428,-10.973495754851854
491,1694.9973,236.76555681699347,114.60891983333332,1880.503208,241.77064354285716,93.5995751904762,185.5059080000001,5.005086725863691,-21.009344642857116
494,2303.878626996,241.67755358634668,125.05198075968,2605.945988996,239.3987998492043,105.75193264490322,302.0673619999998,-2.278753737142381,-19.300048114776786
495,2161.267953996,242.98877378318613,135.32875027254545,2335.4321869960004,241.97644706634665,123.84512311984,174.16423300000042,-1.0123267168394818,-11.483627152705452
50,3178.663072902,245.29217118474253,99.1659177528158,3176.3277899020004,245.8362214393656,101.69159827913158,-2.3352829999994356,0.5440502546230732,2.5256805263157815
51,3564.202088003,268.9363283977073,123.6713094880244,3538.746491003,270.65481534373976,125.490312375225,-25.455597000000125,1.7184869460324421,1.8190028872005968
513,3822.634358003,312.47502565764165,104.44544836377273,3828.313625003,312.32527957941755,106.48687236377272,5.679266999999982,-0.1497460782240978,2.041423999999992
516,3419.608271003,306.47215859630387,107.68209862515,3508.067450003,331.3146027911756,114.41199160015,88.45917899999995,24.842444194871746,6.7298929749999985
517,3865.157349003,282.447400277671,102.51025018012,3960.040642003,282.0359057522745,103.53655341188237,94.88329299999987,-0.4114945253965061,1.0263032317623697
519,4324.1505089082,242.25407461008933,77.34006560889144,4566.8930389082,257.6186247137074,88.17956077713623,242.74252999999953,15.364550103618058,10.839495168244795
520,3696.677122003,301.735977470988,86.49506338323404,3798.396518003,301.9314015819963,93.01046395770211,101.71939599999996,0.19542411100826484,6.5154005744680745
522,4235.269597003,270.47127950114344,147.69079953353332,4213.604367003,271.21309631326466,145.05905333353334,-21.66522999999961,0.7418168121212148,-2.6317461999999807
523,4517.228073,289.2578535355769,83.79233712307692,4423.376079,289.52928459970235,80.739035828125,-93.85199400000056,0.2714310641254656,-3.053301294951922
526,1989.691727999,232.6052461753333,156.44945252657894,1918.063729899,237.30205338832104,117.3951310802,-71.62799810000001,4.69680721298775,-39.054321446378935
529,2734.968654996,294.2535940933202,114.30219693089656,2832.8020610000003,293.24677322167486,127.7933371724138,97.83340600400015,-1.0068208716453455,13.491140241517243
537,2824.6281849960005,239.1541404172381,83.04394927766667,3091.948906996,239.7294714492916,94.60547092094735,267.3207219999995,0.5753310320534979,11.561521643280685
551,2436.4937440000003,237.09953724338624,108.60290921428572,2748.004084,239.63517170075755,92.40556306060606,311.5103399999998,2.535634457371316,-16.19734615367966
555,3473.197140999,240.62257852212144,83.89177402087499,3220.711011996,241.96615669086643,89.3739563332381,-252.48612900300031,1.3435781687449833,5.482182312363108
561,2910.584511996,289.58420101587905,107.213230156125,2908.886806996,284.7379830300606,103.51246554533331,-1.6977050000000418,-4.846217985818441,-3.70076461079168
566,2440.347181006,236.26016432464863,72.07420605454054,2976.481511006,294.18190482314714,87.46062513562163,536.1343299999999,57.92174049849851,15.386419081081087
570,4001.477285902,279.7829235278636,75.4395620465,4089.871698402,273.7336495806039,68.18499333232258,88.39441250000027,-6.049273947259678,-7.254568714177424
571,4234.317483503,299.34167263108554,98.4616456546,4306.991576003,298.7404650129037,97.49892076374545,72.67409249999946,-0.6012076181818315,-0.9627248908545596
573,2926.530002503,292.76149152418617,83.09706675691892,3040.394999503,292.42150730030016,90.59628565805264,113.86499699999968,-0.339984223886006,7.499218901133716
575,3187.164872002,330.16259700851765,106.05229865737142,3698.700969002,296.63815286839025,110.85612578082927,511.53609700000015,-33.5244441401274,4.80382712345785
576,3559.518697503,265.4956274145127,106.23011540922728,4010.633145503,282.9717834307337,91.75847130786538,451.1144479999998,17.47615601622101,-14.471644101361903
579,4463.158915006,296.8260201236189,95.3029300520862,4372.070835003,300.1194952001091,99.56839278203636,-91.08808000299996,3.2934750764902105,4.265462729950158
58,3935.016747899,271.108023651288,124.97646532369048,4045.048060899,268.320462494703,118.34392959106664,110.03131299999995,-2.7875611565850136,-6.632535732623836
582,3767.583362896,336.2852099922439,110.78192091678048,5107.619319999,322.5313993907163,95.1706854226338,1340.0359571030003,-13.753810601527618,-15.611235494146683
584,2484.3104339990005,240.1607485171724,102.16241793120687,2546.816831899,241.08943648552687,90.45789311616127,62.50639789999968,0.9286879683544669,-11.704524815045602
59,3922.736781899,306.3624864696392,92.3668744916875,3852.195992899,309.5988098074927,93.5606397087174,-70.54078900000013,3.2363233378535483,1.193765217029906
597,2860.671478,264.46535627586206,132.46786756666663,2557.539423,265.47671660098524,108.69371486206896,-303.13205500000004,1.011360325123178,-23.774152704597668
602,3215.747725996,266.45497282840483,107.02568099989745,3220.023894996,264.2791898656585,104.51682660965854,4.276168999999754,-2.175782962746325,-2.508854390238909
605,2355.6857550000004,235.4434889310345,96.51862693333334,2212.7667810000003,235.49275665527065,100.387209,-142.91897400000016,0.04926772423615944,3.8685820666666615
615,1875.461969,242.8228371111111,130.99800605555555,1445.412958,237.1379415,153.68810866666666,-430.04901100000006,-5.684895611111102,22.690102611111115
619,2553.726664922,299.9495861866462,102.77799141169233,2601.510979922,297.7710666656752,101.20272169274074,47.78431499999988,-2.1785195209709514,-1.5752697189515885
631,3823.450524,302.55034149960784,85.07438370588235,3851.972963003,298.20589291555484,78.72259429635184,28.522439003000272,-4.344448584052998,-6.351789409530511
634,3976.428322503,280.11381607631057,89.22512601909433,3685.932700503,280.1995875589389,78.31579271171154,-290.4956219999999,0.08577148262833134,-10.909333307382795
636,4093.082797,320.817512410461,118.82544325,4023.100059,304.0791304376812,119.03077213043478,-69.98273800000015,-16.73838197277979,0.20532888043477726
637,4477.687566,289.2143001423451,91.50524495238096,3742.576156,310.89806803232324,103.835725,-735.1114099999995,21.683767889978128,12.330480047619034
638,3176.872369899,239.13329650482177,100.933553690025,3384.079785899,269.340035341988,122.79013666489188,207.20741599999974,30.206738837166256,21.856582974866882
639,3240.464074899,278.18220958824395,147.17823623753125,3586.751603899,273.7488013225647,133.6708004631842,346.2875290000002,-4.4334082656792475,-13.507435774347044
640,3171.029513999,329.89377497342423,109.81587239390907,3286.545128999,324.606849630195,108.5200310572,115.51561500000025,-5.286925343229257,-1.2958413367090742
642,4049.230480222,259.2836646077315,105.58081796338462,4448.996363222,253.59438388099764,83.55632963781818,399.7658829999996,-5.68928072673387,-22.024488325566438
660,3078.0701120000003,237.17497501045293,82.55646866666666,3012.1311940000005,237.49730379615383,88.646896175,-65.93891799999983,0.32232878570090406,6.090427508333335
668,2858.9611399960004,237.3719357649091,105.62738766654545,2435.472468,236.44817164672364,113.31687762962964,-423.48867199600045,-0.9237641181854599,7.689489963084199
669,2660.664800996,242.1640308900645,112.86490148374192,2604.1268469960005,241.86240575458064,104.2434173224516,-56.537953999999445,-0.3016251354838744,-8.621484161290311
672,2366.561497996,239.4196186554637,138.2515160415,2631.751452996,274.71533603227533,157.01730912483333,265.1899549999998,35.29571737681164,18.765793083333335
673,2488.557292,267.88764225396824,111.55017485714286,2581.79074,267.378045,114.01972768965516,93.23344799999995,-0.5095972539682521,2.469552832512292
682,3686.886238003,281.7949530732677,69.99491538473077,3884.697653003,280.66957533973374,72.55590448159259,197.81141500000012,-1.1253777335339805,2.5609890968618174
686,3500.431904999,328.83750199793536,86.70942457782222,3751.496806999,319.4151654525098,79.52850441180392,251.06490200000007,-9.422336545425537,-7.180920166018296
687,3828.292351003,310.0094997617495,99.98306380013334,3565.310142003,326.87176731848047,122.91020178402702,-262.98220900000024,16.862267556730956,22.927137983893687
688,4158.701177003,292.28277558654065,81.1087602501,4364.315237003,286.25456321594174,74.42728698493939,205.61405999999988,-6.028212370598908,-6.681473265160619
69,1804.736587,297.97118025641026,207.20699246153845,2380.913878,330.85769177124183,184.17678022222225,576.1772909999997,32.88651151483157,-23.0302122393162
690,3693.2540140062,290.8556745154271,91.11036775589778,3804.1061850062,304.7607671782072,87.295368740308,110.852171,13.905092662780078,-3.814999015589777
70,1945.873976,328.3111213166667,149.5285160625,1986.859138,323.0488483382353,139.55582817647058,40.985161999999946,-5.262272978431383,-9.972687886029405
712,2966.6588089960005,242.6422358393369,112.3328091762353,2914.012458996,243.5758579355936,100.39834270564704,-52.64635000000044,0.9336220962566983,-11.934466470588262
714,2896.774393,265.32708074712644,139.2791971,2856.976407,266.6600661921182,143.70739944827585,-39.79798600000004,1.3329854449917775,4.428202348275846
717,2820.47755,263.2336417862903,113.95556240625,2826.0746399960003,267.1650414526069,134.13912066653333,5.59708999600025,3.9313996663165653,20.183558260283334
718,3490.837880996,324.4639809916855,149.08862268725,3239.796147996,319.6863601549919,133.863299031,-251.04173300000002,-4.777620836693586,-15.225323656249998
723,2253.728883,273.0342762608696,131.79679708695653,2218.757558,271.4855596521739,130.47538230434782,-34.971325000000434,-1.5487166086957131,-1.3214147826087128
725,2584.024373,261.1200040846561,127.34032592857145,2842.602956,256.09563231060605,116.65993663636364,258.578583,-5.024371774050053,-10.680389292207806
728,2025.676855,312.46769504736847,110.0320334,2463.135263,301.2375346333333,115.75751904,437.4584080000002,-11.23016041403514,5.725485640000002
732,2946.4290650000003,259.4142966613191,121.96535897058824,2798.6005170000003,259.0445635265152,115.97177827272726,-147.82854799999996,-0.36973313480388015,-5.993580697860978
736,1808.372376,259.38878675324673,99.91916409090908,1828.943206,259.87229339920947,88.84120534782609,20.570829999999887,0.4835066459627342,-11.077958743082988
739,3186.187481496,260.8061527766341,97.98905463404878,3836.514970496,303.7725833930628,98.10905310860868,650.3274889999998,42.96643061642868,0.11999847455989254
74,4415.129826003,296.734292244263,98.97304982164286,4803.200657003,291.57907234858965,100.8098165162742,388.070831,-5.155219895673326,1.8367666946313363
742,3465.283760003,336.4192815762172,103.23056357164286,4045.024449003,315.88879507138995,94.74022768535184,579.7406889999997,-20.530486504827252,-8.490335886291021
743,3202.267304996,268.2249905517098,106.95441818410526,3138.991193996,237.88358186745893,72.85552513034783,-63.27611099999967,-30.341408684250894,-34.098893053757436
745,3316.078657902,272.3958245109048,123.1608968503611,3408.969897902,269.5593309984831,114.29187901571794,92.89123999999993,-2.8364935124216686,-8.86901783464316
747,4059.296381006,266.51186674808696,129.65220793517392,3797.710100006,241.72474119173933,104.124497125375,-261.5862809999999,-24.787125556347632,-25.52771080979892
750,4815.755715902,288.7529890517156,92.08926041828788,4457.577452902,292.6332875726339,90.63344327234428,-358.1782629999998,3.880298520918302,-1.4558171459435982
752,4414.569716899,290.5179499776515,86.06365602582258,4668.617099899,258.45860693893394,103.41000858088888,254.04738300000008,-32.05934303871754,17.346352555066304
753,3308.514595,285.23559232558137,84.05096788636364,3502.905729,284.9964705768116,88.8483664347826,194.39113399999997,-0.23912174876977588,4.797398548418968
77,2452.487594999,237.27387543901372,104.90116500006668,2775.6614789020005,238.45673776857657,85.19223015145946,323.1738839030004,1.1828623295628518,-19.708934848607228
784,2207.104291,241.2337712427536,114.60803775,2201.593794,241.6625524110672,128.43275256521738,-5.510497000000214,0.4287811683136056,13.82471481521739
789,2098.766395,315.7859164368421,113.1872149,2231.638143,318.8386127526316,131.19149275,132.87174800000003,3.0526963157894897,18.00427785000001
795,3161.620628002001,234.13656960212245,70.98579714308163,3863.494686002,327.1812957778505,76.68923047292728,701.874057999999,93.04472617572804,5.703433329845652
796,2791.0828870000005,233.7481107087486,78.59451588372093,2803.401395,233.9316720177187,76.789153,12.318507999999383,0.18356130897009848,-1.8053628837209317
803,3625.743657,284.6232309676226,86.90757444680851,3784.744990503,298.3552212520008,80.49733598082692,159.00133350299984,13.731990284378185,-6.4102384659815925
807,2958.1929910030003,242.9305916673983,105.22402734302857,3610.340910003,268.0871586101404,130.72322323092308,652.1479189999995,25.15656694274213,25.499195887894516
81,4162.587941899,240.69159644903823,88.02916169837705,3952.564930896,240.96839732279005,88.952221424,-210.02301100299974,0.2768008737518244,0.9230597256229487
811,3289.821242999,240.42930497773327,93.2650714224,3495.278348999,265.9489347374669,114.45712657161904,205.4571060000003,25.519629759733647,21.192055149219044
830,2734.586042,269.8050459497355,131.5287049642857,2757.731776,272.6157610769231,143.85035692592592,23.145734000000175,2.8107151271876205,12.321651961640214
836,2380.534835,274.2723258514493,128.46642129166668,2458.671477,269.72305062153845,127.0763375,78.13664199999994,-4.549275229910847,-1.390083791666683
837,1626.4925050000002,239.6090199583333,116.7011125,1613.9783690000002,241.4056051809524,135.37627166666667,-12.514136000000008,1.7965852226190862,18.675159166666674
843,1978.965677,239.0361775368421,132.8163894,2208.512622,279.58172727619046,122.04464052380952,229.54694500000028,40.54554973934836,-10.771748876190472
845,2255.8302000000003,269.33882374666666,112.80538036,2273.648104,269.77486192000003,113.98406316,17.817903999999544,0.43603817333337247,1.1786828000000042
85,2631.939547,272.6974572733333,153.37286324000002,2912.317243,267.86767772413793,145.92744244827583,280.377696,-4.829779549195393,-7.445420791724189
852,2987.888330996,271.1691809959697,130.30490560593938,2938.884672996,274.0887925115699,130.56101264503226,-49.00365800000009,2.919611515600195,0.2561070390928819
857,3612.679522003,301.27620599391935,88.19778189589583,3681.913242003,319.70864287427213,86.48331624495918,69.23372000000018,18.432436880352782,-1.7144656509366456
860,3122.475742003,305.80197045472727,107.84377269715152,3092.789042003,244.09099793294453,116.3351653716,-29.6867000000002,-61.710972521782736,8.491392674448477
865,2871.469286006,302.28942081892336,97.3405520943125,3147.408844006,269.24369079960604,132.90969081872728,275.93955800000003,-33.04573001931732,35.569138724414785
87,2612.0678900000003,293.4292353789174,120.80204548148149,2691.216292,291.2230317169312,122.08614839285714,79.1484019999998,-2.206203661986194,1.2841029113756548
884,2408.507150996,245.9013562950769,119.04541403815384,2770.8589269960003,245.40886462042295,126.4438489664,362.3517760000004,-0.49249167465396226,7.398434928246161
887,2022.426048,272.82001239473686,131.4443359,2400.726563,270.96177726449275,133.59824220833335,378.30051500000013,-1.8582351302441111,2.1539063083333474
89,2237.017134,293.9737879411765,197.8535105882353,2225.2281860000003,291.96241632026147,169.5314515,-11.788947999999891,-2.0113716209150425,-28.322059088235306
894,2718.103548999,236.930527761082,101.12885261770587,2677.472009996,267.2622070314603,124.06086282128572,-40.63153900299994,30.331679270378316,22.93201020357985
895,2796.241827996,243.957864976086,121.7192608384516,3354.260915996,299.92575147120635,109.35342194422222,558.019088,55.967886495120354,-12.365838894229384
899,3887.258011506,272.06889037669947,64.29595211495082,3836.551736506,274.52689768986204,69.25929584503449,-50.706275000000005,2.458007313162568,4.963343730083665
902,2585.578151,268.9500617989418,110.85024675,3130.911866,307.8269802650794,91.53776761111112,545.3337149999998,38.87691846613757,-19.312479138888875
906,3540.124827499,316.9627130735195,123.39342651356756,3390.140364499,320.3127528923798,118.25136348577144,-149.98446299999978,3.350039818860296,-5.142063027796127
907,2647.0053549020004,242.83982602980643,105.0491638904516,3176.3202280060004,238.16401379132563,99.4332450753,529.3148731040001,-4.675812238480802,-5.615918815151602
912,3004.695236003,267.4488817479099,107.72678462186488,3117.458804003,267.09049956772543,112.17196692128948,112.76356799999985,-0.35838218018449197,4.4451822994246015
913,2893.444227003,266.2150847026924,112.42091100025716,3438.634430999,268.049276162554,106.36670871440477,545.190203996,1.8341914598615858,-6.054202285852398
918,3124.365394996,241.74779123787303,116.86629777755556,3645.909411996,238.9238163418551,106.34863739113044,521.5440170000002,-2.823974896017944,-10.51766038642512
926,3053.059366922,306.57241523555666,150.781915576,3225.380742922,302.9300809755269,149.89651870012904,172.32137599999987,-3.64233426002977,-0.8853968758709527
930,2583.0567490000003,273.15829950666665,149.55947772,2829.486242,271.6817276137566,144.95969675,246.42949299999964,-1.4765718929100444,-4.599780969999983
933,2919.5955590000003,259.84062733968256,93.53771980555555,3172.401875,260.1845325817923,108.8151375263158,252.8063159999997,0.3439052421097699,15.27741772076024
934,2576.525488,236.6612770111111,74.99768952777778,2614.487037,236.99437519206347,78.221264,37.96154899999965,0.3330981809523621,3.223574472222225
938,2780.903302,272.14970773809523,141.227415,3356.504441996,263.59247396390253,109.1793117499,575.6011399959998,-8.557233774192696,-32.04810325010001
939,3202.520336003,257.12650374665867,84.13855787240425,3901.108945003,294.64437817384646,82.24703221823637,698.5886089999999,37.51787442718779,-1.8915256541678787
941,2094.974262,281.880597372549,169.1555476111111,2308.715105,279.86988216842104,168.3313225,213.74084300000004,-2.010715204127962,-0.8242251111111045
945,2831.566595,241.55373377634407,128.60679264516128,3457.748739,300.95265882580645,166.0958459032258,626.1821440000003,59.39892504946238,37.48905325806453
946,2327.353713,266.9771445185185,110.4235938148148,2303.373075,265.6485315669516,108.87572196296296,-23.980638,-1.3286129515669245,-1.5478718518518377
949,2409.473072,271.87957616666665,121.05911088,2728.6781750032,267.28132093618126,126.39044037942068,319.2051030032003,-4.5982552304853925,5.331329499420676
95,3295.932303899,242.0385107411707,94.36950742929268,3453.5717838990004,242.46831811086463,88.51900005773334,157.63948000000028,0.4298073696939184,-5.850507371559345
951,4166.602734003,316.7517922577755,117.11943442863266,4254.141798003,314.3427888307059,112.47779256868628,87.53906400000051,-2.4090034270695924,-4.641641859946375
955,3454.769245006,268.4955809297872,114.521745475375,2925.690943006,302.44637017460605,91.19546018227273,-529.0783019999999,33.95078924481885,-23.326285293102273
959,2724.917391999,275.26617766495565,126.91314213810344,2724.102760999,276.8748873201281,127.13005124155173,-0.8146309999997356,1.6087096551724471,0.2169091034482875
97,3858.248696002,282.2311592721905,88.20646926553061,3899.576285902,282.68949076541173,74.10110628641176,41.32758990000002,0.45833149322123745,-14.105362979118851
974,2991.9651229990004,240.41178158584745,95.51758007505,4156.204575002,301.5477333023883,108.68686112522916,1164.2394520029993,61.13595171654083,13.169281050179151
976,2799.1160639990003,237.4421999428889,83.93365132429729,3220.147861996,291.2370599485128,79.8911478716923,421.03179799699956,53.79486000562392,-4.04250345260499
978,2540.369347,238.61024068387096,109.82428622580645,2528.545943,239.83240516748768,112.06404751724138,-11.823403999999755,1.222164483616723,2.239761291434931
979,2232.095521,273.8849852252965,110.36879495652174,2296.227597,271.57400230072466,125.80295533333332,64.13207599999987,-2.3109829245718174,15.434160376811576
98,4581.904834402,262.02261799125654,93.70232534292064,4643.270784506,260.39228751631947,98.25958776209524,61.36595010400015,-1.6303304749370682,4.557262419174592
982,2233.857707,278.88100994285713,138.0779421904762,1472.724118,234.59946862857143,111.57582013333334,-761.133589,-44.281541314285704,-26.502122057142856
984,1869.950700996,295.32910005660955,171.8954504664,1839.332323996,297.1024859664616,194.8416156425714,-30.61837700000001,1.7733859098520384,22.946165176171405
991,3104.102895006,259.89272231845456,85.4572840003409,3483.479452002,259.14569021606803,90.61587165328572,379.3765569960001,-0.7470321023865267,5.158587652944817
992,3192.141010006,302.06878175832605,99.92606994328573,3448.852118006,294.9611001426077,93.880240725375,256.71110799999997,-7.107681615718377,-6.045829217910722
994,4184.682128,284.0404685602537,143.93414454545453,4444.442444,298.59154789387753,116.73211466,259.7603159999999,14.551079333623818,-27.202029885454536
995,3530.0477870060004,239.1922938386505,109.48300140033334,3542.212853006,239.87336331137777,113.96951533366666,12.16506599999957,0.6810694727272733,4.4865139333333275
997,2693.277135999,268.33968657234715,129.3584613336,2701.346372499,273.3479925590443,131.39099293131034,8.069236499999988,5.008305986697167,2.0325315977103457
